Product Name,code,RM Code,URL,,,,,,,,,,,,,,
"JOBY Beamo Ring Light (12"")",JB01733,90982,https://www.rubbermonkey.co.nz/Joby-Beamo-Ring-Light-30-5cm,,,,,,,,,,,,,,
JOBY GRIPTIGHT ONE MOUNT WHITE,JB01489,46451,https://www.rubbermonkey.co.nz/Joby-GripTight-ONE-Mount-for-Smartphones-White%60Gray,,,,,,,,,,,,,,
JOBY GRIPTIGHT ONE MICRO STAND BLACK,JB01492,48222,https://www.rubbermonkey.co.nz/Joby-GripTight-ONE-Micro-Stand-for-Smartphones-Black%60Charcoal,,,,,,,,,,,,,,
JOBY GRIPTIGHT ONE MICRO STAND WHITE/CHROME,JB01493,48223,https://www.rubbermonkey.co.nz/Joby-GripTight-ONE-Micro-Stand-for-Smartphones-White%60Silver,,,,,,,,,,,,,,
JOBY GRIPTIGHT ONE GP MAGNETIC IMPULSE,JB01494,46456,https://www.rubbermonkey.co.nz/Joby-GripTight-ONE-GP-Magnetic-Impulse,,,,,,,,,,,,,,
JOBY GRIPTIGHT PRO VIDEO MOUNT,jb01500,46452,https://www.rubbermonkey.co.nz/Joby-GripTight-PRO-Video-Mount-Black%60Charcoal,,,,,,,,,,,,,,
JOBY GRIPTIGHT GORILLAPOD PRO VIDEO,JB01501,46454,https://www.rubbermonkey.co.nz/Joby-GripTight-PRO-Video-GP-Stand-Black%60Charcoal,,,,,,,,,,,,,,
JOBY GORILLAPOD MOBILE MINI CHARCOAL,JB01517,53223,https://www.rubbermonkey.co.nz/Joby-GorillaPod-Mobile-Mini-Flexible-Stand-for-Smartphones-Charcoal,,,,,,,,,,,,,,
JOBY GORILLAPOD MOBILE MINI BLUE,JB01518,53226,https://www.rubbermonkey.co.nz/Joby-GorillaPod-Mobile-Mini-Flexible-Stand-for-Smartphones-Blue,,,,,,,,,,,,,,
JOBY GORILLAPOD MOBILE MINI GREEN,JB01519,53225,https://www.rubbermonkey.co.nz/Joby-GorillaPod-Mobile-Mini-Flexible-Stand-for-Smartphones-Green,,,,,,,,,,,,,,
JOBY GRIPTIGHT PRO 2 MOUNT,JB01525,52636,https://www.rubbermonkey.co.nz/Joby-GripTight-Pro-2-Mount-Black%60Charcoal,,,,,,,,,,,,,,
Joby GorillaPod Mobile Rig,JB01533-BWW,52587,https://www.rubbermonkey.co.nz/Joby-GorillaPod-Mobile-Rig,,,,,,,,,,,,,,
JOBY GRIPTIGHT PRO 2 TELEPOD,JB01534,53224,https://www.rubbermonkey.co.nz/Joby-GripTight-PRO-TelePod,,,,,,,,,,,,,,
JOBY TELEPOD PRO KIT,JB01548,59030,https://www.rubbermonkey.co.nz/Joby-TelePod-PRO-Kit,,,,,,,,,,,,,,
JOBY TELEPOD 325,JB01549,59031,https://www.rubbermonkey.co.nz/Joby-TelePod-325-Selfie-Stick-and-Telescoping-Tripod,,,,,,,,,,,,,,
JOBY TELEPOD MOBILE,JB01550,59032,https://www.rubbermonkey.co.nz/Joby-TelePod-Mobile-All-in-one-Phone-Tripod,,,,,,,,,,,,,,
JOBY GRIPTIGHT PRO 2 GORILLAPOD,JB01551,59033,https://www.rubbermonkey.co.nz/Joby-GripTight-PRO-2-GorillaPod-Phone-Tripod,,,,,,,,,,,,,,
JOBY GORILLAPOD 3K PRO KIT,JB01566,61094,https://www.rubbermonkey.co.nz/Joby-GorillaPod-3K-Pro-Kit,,,,,,,,,,,,,,
JOBY GORILLAPOD 3K PRO RIG,JB01567,60571,https://www.rubbermonkey.co.nz/Joby-GorillaPod-3K-PRO-Rig,,,,,,,,,,,,,,
MANFROTTO 504X FLUID VIDEO HEAD WITH FLA,MVH504XAH,78257,https://www.rubbermonkey.co.nz/Manfrotto-504X-Fluid-Video-Head-With-Flat-Base,,,,,,,,,,,,,,
Manfrotto MVMXPROA4 Aluminum XPRO Video Monopod+,MVMXPROA4,46843,https://www.rubbermonkey.co.nz/Manfrotto-MVMXPROA4-Aluminum-XPRO-Video-Monopod,,,,,,,,,,,,,,
Manfrotto Element Mii Alu Blue Bh,MKELMII4BL-BH,78302,https://www.rubbermonkey.co.nz/Manfrotto-Element-MII-Aluminium-Blue,,,,,,,,,,,,,,
Manfrotto Carbon Nanopole Stand,MS0490C,70077,https://www.rubbermonkey.co.nz/Manfrotto-MS0490C-Carbon-Fiber-Nanopole-Stand-198cm,,,,,,,,,,,,,,
Manfrotto MHXPRO-3WG XPRO 3-WAY GEARED HEAD,MHXPRO-3WG,23009,https://www.rubbermonkey.co.nz/Manfrotto-MHXPRO-3WG-XPRO-3-Way-Geared-Head,,,,,,,,,,,,,,
Manfrotto MPMXPROA4 XPRO Over 4-Section Aluminium Monopod,MMXPROA4,53186,https://www.rubbermonkey.co.nz/Manfrotto-XPRO-4-Section-Photo-Monopod-with-Quick-Power-Lock,,,,,,,,,,,,,,
Manfrotto MT190CXPRO4 Carbon Fiber Tripod,MT190CXPRO4,16519,https://www.rubbermonkey.co.nz/Manfrotto-MT190CXPRO4-Carbon-Fiber-Tripod,,,,,,,,,,,,,,
Manfrotto Manfrotto Tripod Bag Unpadded 70Cm,MBAG70N,1861,https://www.rubbermonkey.co.nz/Manfrotto-MBAG70N-Unpadded-Tripod-Bag,,,,,,,,,,,,,,
Manfrotto Element Mii Alu Black Bh,MKELMII4BK-BH,78298,https://www.rubbermonkey.co.nz/Manfrotto-MBAG70N-Unpadded-Tripod-Bag,,,,,,,,,,,,,,
Manfrotto NX CSC Shoulder Sling M (Blue),MBNX-SB-IIIBU,37201,https://www.rubbermonkey.co.nz/Manfrotto-CSC-Shoulder-Bag-Blue,,,,,,,,,,,,,,
Manfrotto Befree GT XPRO Aluminium Travel Tripod,MKBFRA4GTXP-BH,70068,https://www.rubbermonkey.co.nz/Manfrotto-Befree-GT-XPRO-Aluminum-Travel-Tripod-with-496-Center-Ball-Head,,,,,,,,,,,,,,
Manfrotto 501Pl Plate 1/4In & 3/8In Fix Screws,MF501PL,1834,https://www.rubbermonkey.co.nz/Manfrotto-501-PL-Quick-Release-Plate,,,,,,,,,,,,,,
Manfrotto 577 Sliding Plate Adapter,MF577,1839,https://www.rubbermonkey.co.nz/Manfrotto-577-Quick-Release-Adapter-with-Sliding-Plate,,,,,,,,,,,,,,
Manfrotto MT290XTA3 290 Xtra Aluminum Tripod,MT290XTA3,31116,https://www.rubbermonkey.co.nz/Manfrotto-MT290XTA3-290-Xtra-Aluminum-Tripod,,,,,,,,,,,,,,
Manfrotto PIXI EVO Mini Tripod (Red),MTPIXIEVO-RD,32428,https://www.rubbermonkey.co.nz/Manfrotto-PIXI-EVO-Mini-Tripod-Red,,,,,,,,,,,,,,
Manfrotto Q/R Plate for Compact Action Tripod,MRROUND-PL,26835,https://www.rubbermonkey.co.nz/Manfrotto-Round-Quick-Release-Plate-for-Compact-Action-Tripods,,,,,,,,,,,,,,
Manfrotto Manfrotto Tripod Bag Padded 100Cm,MBAG100PN,1859,https://www.rubbermonkey.co.nz/Manfrotto-MBAG100PN-Padded-Tripod-Bag,,,,,,,,,,,,,,
MANFROTTO ELEMENT MII MONOPOD ALU BLACK,MMELMIIA5BK,77318,https://www.rubbermonkey.co.nz/Manfrotto-Element-MII-Aluminium-Monopod-Black,,,,,,,,,,,,,,
Manfrotto Advanced Gear Backpack M Iii,MBMA3-BP-GM,90969,https://www.rubbermonkey.co.nz/Manfrotto-Advanced-Gear-M-III-22L-Backpack-Black,,,,,,,,,,,,,,
Rode NTG5 Moisture-Resistant Short Shotgun Microphone,RODNTG5KIT,63189,https://www.rubbermonkey.co.nz/Rode-NTG5-Moisture-Resistant-Short-Shotgun-Microphone,,,,,,,,,,,,,,
"Rode Wireless GO II 2-Person Compact Digital Wireless Microphone System/Recorder (2.4 GHz, Black)",RODWIGOII,84757,https://www.rubbermonkey.co.nz/Rode-Wireless-GO-II-2-Person-Compact-Digital-Wireless-Microphone-System%60Recorder,,,,,,,,,,,,,,
Rode VideoMicro On Camera Mic,Rode-Videomicro,30352,https://www.rubbermonkey.co.nz/Rode-VideoMicro,,,,,,,,,,,,,,
"Rode DeadCat For VideoMic, NTG1, NTG2",RODDEADCAT,11505,https://www.rubbermonkey.co.nz/Rode-Dead-Cat-Videomic-NTG1-NTG2,,,,,,,,,,,,,,
Rode NTG2 Shotgun Mic,RODNTG2,11562,https://www.rubbermonkey.co.nz/Rode-NTG2-Condenser-Shotgun-Microphone,,,,,,,,,,,,,,
Rode Micro Boompole,RODMICROBOOM,18656,https://www.rubbermonkey.co.nz/Rode-Micro-Boompole,,,,,,,,,,,,,,
Rode VideoMic Pro+ On-Camera Shotgun Microphone,RODE-VMP-PLUS,41105,https://www.rubbermonkey.co.nz/Rode-VideoMic-Pro-On-Camera-Shotgun-Microphone,,,,,,,,,,,,,,
Rode DeadCat For VideoMic Pro+ Microphone,RODDEADCATVMPPLUS,52539,https://www.rubbermonkey.co.nz/Rode-Dead-Cat-VMP,,,,,,,,,,,,,,
Rode Lavalier GO Omnidirectional Lavalier Microphone for Wireless GO Systems,LAVGO,62318,https://www.rubbermonkey.co.nz/Rode-Lavalier-GO-Omnidirectional-Lavalier-Microphone-for-Wireless-GO-Systems,,,,,,,,,,,,,,
RODE MAGCLIP GO MAGNETIC CLIP ATTACHMENT FOR WIRELESS GO MAGCLIPGO WIGO,RODMAGCLIPGO,72247,https://www.rubbermonkey.co.nz/Rode-MagClip-GO-Magnet-Clip-for-the-Wireless-GO-Transmitter,,,,,,,,,,,,,,
Rode VideoMic Me,Rode-Videomicme,30348,https://www.rubbermonkey.co.nz/Rode-VideoMic-Me,,,,,,,,,,,,,,
RODE RODECaster Pro Integrated Podcast Production Console,RODECSTRPRO,57597,https://www.rubbermonkey.co.nz/Rode-RODECaster-Pro-Integrated-Podcast-Production-Studio,,,,,,,,,,,,,,
Rode DC-USB1 DC to USB Power Cable for Rodecaster Pro DCUSB1,RODDCUSB1,72895,https://www.rubbermonkey.co.nz/Rode-DC-USB1-DC-to-USB-Power-Cable-for-Rodecaster-Pro,,,,,,,,,,,,,,
Rode VideoMic Rycote Microphone,RODE VIDEOMIC RYCOTE,14685,https://www.rubbermonkey.co.nz/Rode-VideoMic-with-Rycote-Lyre-Suspension-System,,,,,,,,,,,,,,
RODE NT1 AI1 COMPLETE STUDIO KIT,RODNT1AI1KIT,89229,https://www.rubbermonkey.co.nz/Rode-NT1-AI-1-Complete-Studio-Kit,,,,,,,,,,,,,,
PEAK DESIGN LEASH ASH CAMERA STRAP,L-AS-3,48217,https://www.rubbermonkey.co.nz/Peak-Design-Leash-Camera-Strap-Ash,,,,,,,,,,,,,,
PEAK DESIGN LEASH BLACK CAMERA STRAP,L-BL-3,48218,https://www.rubbermonkey.co.nz/Peak-Design-Leash-Camera-Strap-Charcoal,,,,,,,,,,,,,,
Peak Design SLL-BK-3 SlideLITE Camera Strap (Black),SLL-BK-3,53217,https://www.rubbermonkey.co.nz/Peak-Design-SLL-BK-3-SlideLITE-Camera-Strap-Black,,,,,,,,,,,,,,
Peak Design Capture Camera Clip v3 (Black),CP-BK-3,51960,https://www.rubbermonkey.co.nz/Peak-Design-Capture-Camera-Clip-v3-Black,,,,,,,,,,,,,,
Peak Design Anchor Links Quick Connection System V4,PKAL-4,60478,https://www.rubbermonkey.co.nz/Peak-Design-Anchor-Links-Quick-Connection-System-V4,,,,,,,,,,,,,,
"Peak Design Everyday Sling v2 (3L, Black)",BEDS-3-BK-2,63736,https://www.rubbermonkey.co.nz/Peak-Design-Everyday-Sling-v2-3L-Black,,,,,,,,,,,,,,
"Peak Design Everyday Messenger v2 (13L, Black)",BEDM-13-BK-2,63726,https://www.rubbermonkey.co.nz/Peak-Design-Everyday-Messenger-v2-13L-Black,,,,,,,,,,,,,,
Peak Design Carbon Fiber Travel Tripod,TT-CB-5-150-CF-1,72522,https://www.rubbermonkey.co.nz/Peak-Design-Carbon-Fiber-Travel-Tripod,,,,,,,,,,,,,,
Peak Design Slide Camera Strap (Sage Green),SL-SG-3,88645,https://www.rubbermonkey.co.nz/Peak-Design-Slide-Camera-Strap-Sage-Green,,,,,,,,,,,,,,
"Peak Design Everyday Sling v2 (6L, Black)",BEDS-6-BK-2,63733,https://www.rubbermonkey.co.nz/Peak-Design-Everyday-Sling-v2-6L-Black,,,,,,,,,,,,,,
Peak Design Cuff Wrist Strap (Ash),CF-AS-3,48219,https://www.rubbermonkey.co.nz/Peak-Design-Cuff-Camera-Wrist-Strap-Ash,,,,,,,,,,,,,,
Peak Design Cuff Wrist Strap (Charcoal),CF-BL-3,48216,https://www.rubbermonkey.co.nz/Peak-Design-Cuff-Camera-Wrist-Strap-Charcoal,,,,,,,,,,,,,,
Peak Design Travel Camera Cube Small,BCC-S-BK-1,60008,https://www.rubbermonkey.co.nz/Peak-Design-Travel-Camera-Cube-Small,,,,,,,,,,,,,,
Peak Design Everyday Backpack 30L V2 charcoal,BEDB-30-CH-2,60008,https://www.rubbermonkey.co.nz/Peak-Design-Travel-Camera-Cube-Small,,,,,,,,,,,,,,
Peak Design Slide lite Camera Strap (Midnight Blue),SLL-MN-3,88647,https://www.rubbermonkey.co.nz/Peak-Design-Slide-lite-Camera-Strap-Midnight-Blue,,,,,,,,,,,,,,
Peak Design Aluminum Travel Tripod,TT-CB-5-150-AL-1,72523,https://www.rubbermonkey.co.nz/Peak-Design-Aluminum-Travel-Tripod,,,,,,,,,,,,,,
Peak Design Everyday Backpack 30L V2 black,BEDB-30-BK-2,63715,https://www.rubbermonkey.co.nz/Peak-Design-Everyday-Backpack-v2-30L-Black,,,,,,,,,,,,,,
Peak Design Leash Midnight Camera Strap (Midnight Blue),L-MN-3,88649,https://www.rubbermonkey.co.nz/Peak-Design-Leash-Camera-Strap-Midnight-Blue,,,,,,,,,,,,,,
Peak Design Leash Sage Camera Strap (Sage Green),L-SG-3,88650,https://www.rubbermonkey.co.nz/Peak-Design-Leash-Camera-Strap-Sage-Green,,,,,,,,,,,,,,
"Peak Design Everyday Sling v2 (6L, Ash)",BEDS-6-AS-2,63729,https://www.rubbermonkey.co.nz/Peak-Design-Everyday-Sling-v2-6L-Ash,,,,,,,,,,,,,,
Peak Design Everyday Backpack 30L V2 midnight navy,BEDB-30-MN-2,63717,https://www.rubbermonkey.co.nz/Peak-Design-Everyday-Backpack-v2-30L-Navy,,,,,,,,,,,,,,
Peak Design Cuff Camera Wrist Strap (Midnight Blue),CF-MN-3,88652,https://www.rubbermonkey.co.nz/Peak-Design-Cuff-Camera-Wrist-Strap-Midnight-Blue,,,,,,,,,,,,,,
Lowepro Pro Trekker Rlx 450 Aw II Grey,LP37272-PWW,63031,https://www.rubbermonkey.co.nz/Lowepro-Pro-Trekker-RLX-450-AW-II-Backpack-Black,,,,,,,,,,,,,,
Lowepro Flipside Bp 400 Aw III Black,LP37352,86618,https://www.rubbermonkey.co.nz/Lowepro-Flipside-400-AW-III-Camera-Backpack-Black,,,,,,,,,,,,,,
Lowepro Flipside 500 Aw II Camera Backpack (Black),LP37131,49878,https://www.rubbermonkey.co.nz/Lowepro-Flipside-500-AW-II-Camera-Backpack-Black,,,,,,,,,,,,,,
Lowepro Flipside Trek Backpack Bp 450 Aw (Gray/Dark Green),LP37016,44684,https://www.rubbermonkey.co.nz/Lowepro-Flipside-Trek-BP-450-AW-Backpack-Gray%60Dark-Green,,,,,,,,,,,,,,
Lowepro Compact Zoom Lens Case 8X12Cm (Black),lp36978,84372,https://www.rubbermonkey.co.nz/Lowepro-Compact-Zoom-Lens-Case-8x12cm-Black,,,,,,,,,,,,,,
Lowepro Fastpack Pro Bp 250 Aw III Grey,LP37331,74299,https://www.rubbermonkey.co.nz/Lowepro-Fastpack-Pro-BP-250-AW-III-Camera-and-Laptop-Backpack-Grey,,,,,,,,,,,,,,
Lowepro Fastpack Bp 250 Aw III Grey,LP37332,74302,https://www.rubbermonkey.co.nz/Lowepro-Fastpack-BP-250-AW-III-Camera-and-Laptop-Backpack-Grey,,,,,,,,,,,,,,
Lowepro Flipside Trek Backpack Bp 350 Aw (Gray/Dark Green),LP37015,44682,https://www.rubbermonkey.co.nz/Lowepro-Flipside-Trek-BP-350-AW-Backpack-Gray%60Dark-Green,,,,,,,,,,,,,,
Lowepro Lens Case 11X26Cm (Black),2-36306,18712,https://www.rubbermonkey.co.nz/Lowepro-Lens-Case-11-x-26cm-Black,,,,,,,,,,,,,,
Lowepro Lens Case 13X32Cm (Black),2-36307,18714,https://www.rubbermonkey.co.nz/Lowepro-Lens-Case-13-x-32cm-Black,,,,,,,,,,,,,,
Lowepro Hardside Cs 40 (Black),LP37165,60482,https://www.rubbermonkey.co.nz/Lowepro-Hardside-CS-40-Camera-Case,,,,,,,,,,,,,,
Lowepro Photo Active Bp 300 Aw Blue/Black,LP37253,63170,https://www.rubbermonkey.co.nz/Lowepro-Photo-Active-BP-300-AW-Blue%60Black,,,,,,,,,,,,,,
Lowepro M-Trekker Bp150 Backpack (Charcoal),LP37137,49879,https://www.rubbermonkey.co.nz/Lowepro-m-Trekker-BP150-Backpack-Gray,,,,,,,,,,,,,,
Lowepro Adventura Sh 100 II Black,LP36866,23612,https://www.rubbermonkey.co.nz/Lowepro-Adventura-SH-100-II-Shoulder-Bag-Black,,,,,,,,,,,,,,
Lowepro Tahoe Cs 20 Black,LP37061,44688,https://www.rubbermonkey.co.nz/Lowepro-Tahoe-CS-20-Camera-Pouch-Black,,,,,,,,,,,,,,
Lowepro Gearup Medium Pouch (Dark Grey),LP37139,57702,https://www.rubbermonkey.co.nz/Lowepro-GearUp-Medium-Pouch-Dark-Grey,,,,,,,,,,,,,,
Lowepro Protactic Bp 450 Aw II,LP37177,58936,https://www.rubbermonkey.co.nz/Lowepro-ProTactic-BP-450-AW-II-Camera-and-Laptop-Backpack-Black,,,,,,,,,,,,,,
Lowepro Protactic Bp 350 Aw II,LP37176,59112,https://www.rubbermonkey.co.nz/Lowepro-ProTactic-BP-350-AW-II-Mirrorless-Camera-and-Laptop-Backpack-Black,,,,,,,,,,,,,,
Lowepro Freeline Bp 350 Aw Black,LP37170,59111,https://www.rubbermonkey.co.nz/Lowepro-Freeline-BP-350-AW-Black,,,,,,,,,,,,,,
SanDisk Extreme Pro SD 128GB Memory Card (170MB/S),SDSDXXY-128G-GN4IN,59561,https://www.rubbermonkey.co.nz/SanDisk-128GB-Extreme-PRO-UHS-I-SDXC-Memory-Card,,,,,,,,,,,,,,
SanDisk Extreme Pro SD 64GB Memory Card (170MB/S),SDSDXXY-064G-GN4IN,59560,https://www.rubbermonkey.co.nz/SanDisk-64GB-Extreme-PRO-UHS-I-SDXC-Memory-Card,,,,,,,,,,,,,,
SanDisk Extreme Micro SD 128GB Memory Card (160MB/S),SDSQXA1-128G-GN6MA,59594,https://www.rubbermonkey.co.nz/SanDisk-128GB-Extreme-UHS-I-microSDXC-Action-Cam-Memory-Card-with-SD-Adapter,,,,,,,,,,,,,,
SanDisk Extreme Pro microSDXC 128GB UHS-I 170MB/s,SDSQXCY-128G-GN6MA,84411,https://www.rubbermonkey.co.nz/SanDisk-128GB-Extreme-Pro-UHS-I-microSDXC-Memory-Card,,,,,,,,,,,,,,
SanDisk Extreme Pro SD 32GB Memory Card (95MB/S),SDSDXXG-032G-GN4IN,37135,https://www.rubbermonkey.co.nz/SanDisk-32GB-Extreme-PRO-SDHC-UHS-I-Memory-Card,,,,,,,,,,,,,,
SanDisk Extreme Pro microSDXC 256GB UHS-I 170MB/s,SDSQXCZ-256G-GN6MA,79541,https://www.rubbermonkey.co.nz/SanDisk-256GB-Extreme-PRO-UHS-I-microSDXC-Memory-Card-U3-Class-10,,,,,,,,,,,,,,
SanDisk Extreme SD 128GB Memory Card (150MB/S),SDSDXVF-128G-GNCIN,59612,https://www.rubbermonkey.co.nz/SanDisk-128GB-Extreme-UHS-I-SDXC-Memory-Card-Class-10,,,,,,,,,,,,,,
SanDisk Ultra microSDHC 16GB UHS-1 98MB/s,SDSQUAR-016G-GN6MA,30881,https://www.rubbermonkey.co.nz/SanDisk-16GB-Ultra-UHS-I-microSDHC-Memory-Card-Class-10,,,,,,,,,,,,,,
SanDisk 64GB Extreme PRO CFexpress Card Type B,SDCFE-064G-GN4IN,63953,https://www.rubbermonkey.co.nz/SanDisk-64GB-Extreme-PRO-CFexpress-Card-Type-B,,,,,,,,,,,,,,
SanDisk Extreme Pro SDXC 128GB 300MB/S UHS-II U3 V90,SDSDXPK-128G-GN4IN,87171,https://www.rubbermonkey.co.nz/SanDisk-128GB-Extreme-PRO-UHS-II-SDXC-Memory-Card,,,,,,,,,,,,,,
SanDisk Extreme SD 64GB Memory Card (150MB/S),SDSDXVE-064G-GNCIN,59614,https://www.rubbermonkey.co.nz/SanDisk-64GB-Extreme-UHS-I-SDXC-Memory-Card-with-Read-Speed-of-150-MB%60s,,,,,,,,,,,,,,
SanDisk 512GB Extreme PRO CFexpress Card Type B,SDCFE-512G-GN4NN,63958,https://www.rubbermonkey.co.nz/SanDisk-512GB-Extreme-PRO-CFexpress-Card-Type-B,,,,,,,,,,,,,,
SanDisk Extreme PRO CFexpress Card Reader,SDDR-F451-GNGNN,84416,https://www.rubbermonkey.co.nz/SanDisk-Extreme-PRO-CFexpress-Type-B-Card-Reader,,,,,,,,,,,,,,
SanDisk Extreme Pro CF 32GB Memory Card (160MB/S),SAEPCF32GBQ,13529,https://www.rubbermonkey.co.nz/SanDisk-32GB-Extreme-Pro-CompactFlash-Memory-Card,,,,,,,,,,,,,,
Sandisk Extreme Pro Cfast 2.0 Reader/Writer,SDDR-299-G46,16904,https://www.rubbermonkey.co.nz/SanDisk-Extreme-Pro-CFast-2-0-Reader%60Writer,,,,,,,,,,,,,,
SanDisk 64GB Ultra UHS-I SDXC Memory Card 120MB/s,SDSDUN4-064G-GN6IN,84407,https://www.rubbermonkey.co.nz/SanDisk-64GB-Ultra-UHS-I-SDXC-Memory-Card,,,,,,,,,,,,,,
SanDisk Extreme microSDXC 256GB UHS-I 160MB/s,SDSQXA1-256G-GN6MA,59595,https://www.rubbermonkey.co.nz/SanDisk-256GB-Extreme-UHS-I-microSDXC-Memory-Card-with-SD-Adapter,,,,,,,,,,,,,,
Sandisk Extreme Pro SD UHS-II Card Reader,SDDR-399-G46,79514,https://www.rubbermonkey.co.nz/SanDisk-Extreme-PRO-SD-UHS-II-Reader%60Writer,,,,,,,,,,,,,,
Aputure Amaran AL-F7 On-Camera LED Light,AL-F7,52125,https://www.rubbermonkey.co.nz/Aputure-Amaran-AL-F7-On-Camera-LED-Light,,,,,,,,,,,,,,
Aputure Light Storm 600x Pro Bi-Color LED Light (V-Mount),ALS600XPROVAU,89391,https://www.rubbermonkey.co.nz/Aputure-LS-600x-Pro-Lamp-Head-V-Mount,,,,,,,,,,,,,,
Aputure Light Dome II,AP-LIGHTDOME2,54453,https://www.rubbermonkey.co.nz/Aputure-Light-Dome-II,,,,,,,,,,,,,,
Aputure Light Storm C300d Mark II LED Light Kit with V-Mount Battery Plate,AP-300DII,61980,https://www.rubbermonkey.co.nz/Aputure-Light-Storm-C300d-Mark-II-LED-Light-Kit-with-V-Mount-Battery-Plate,,,,,,,,,,,,,,
Aputure LS 600d Pro Light Storm Daylight LED Light (V-Mount),ALS600DPROV,81692,https://www.rubbermonkey.co.nz/Aputure-LS-600d-Pro-Light-Storm-Daylight-LED-Light-V-Mount,,,,,,,,,,,,,,
Aputure Amaran AL-MX Bi-Color LED Mini Light,AL-MX,52126,https://www.rubbermonkey.co.nz/Aputure-Amaran-AL-MX-Bi-Colour-LED-Mini-Light,,,,,,,,,,,,,,
Aputure Light Storm LS 60d Daylight LED Light,LS60D,72671,https://www.rubbermonkey.co.nz/Aputure-Light-Storm-LS-60d-Daylight-LED-Light,,,,,,,,,,,,,,
Aputure Fresnel 2X,AP-FRESNEL2X,59007,https://www.rubbermonkey.co.nz/Aputure-Fresnel-2X-Lens-Mount,,,,,,,,,,,,,,
Aputure NOVA P300c RGB Panel Kit,ap-nova300k,73373,https://www.rubbermonkey.co.nz/Aputure-NOVA-P300c-RGBWW-LED-Panel-with-Rolling-Case-Kit,,,,,,,,,,,,,,
Aputure Nova P600c 600W RGBWW Light Kit with Hard Shell Rolling Case,ANOP600CKITAU,90379,https://www.rubbermonkey.co.nz/Aputure-Nova-P600c-RGBWW-LED-Soft-Light-Panel-Kit-with-Hard-Shell-Rolling-Case,,,,,,,,,,,,,,
Aputure AL-M9 Amaran LED Video Light,APUTURE-AL-M9,35149,https://www.rubbermonkey.co.nz/Aputure-Amaran-AL-M9-LED-Video-Light,,,,,,,,,,,,,,
Aputure F10 Fresnel Attachment for LS 600d LED Ligh,F10-FRENSEL,81697,https://www.rubbermonkey.co.nz/Aputure-F10-Fresnel-Attachment-for-LS-600d-LED-Light,,,,,,,,,,,,,,
Aputure Light Dome Mini II,AP-LIGHTDOME-MINI2,54454,https://www.rubbermonkey.co.nz/Aputure-Light-Dome-Mini-II,,,,,,,,,,,,,,
Aputure Space Light,AP-SPACELIGHT,50741,https://www.rubbermonkey.co.nz/Aputure-Space-Light,,,,,,,,,,,,,,
Aputure Accent B7c RGBWW Colour Mixing LED Light Bulb,ACCENTB7C,77382,https://www.rubbermonkey.co.nz/Aputure-Accent-B7C-RGBWW-Colour-Mixing-LED-Light-Bulb,,,,,,,,,,,,,,
Aputure MC 4-Light Travel Kit with Charging Case,AP-MC4K,72273,https://www.rubbermonkey.co.nz/Aputure-MC-4-Light-Travel-Kit-with-Charging-Case,,,,,,,,,,,,,,
Aputure Barn Door for COB Lights,AP-BARNDOOR,58787,https://www.rubbermonkey.co.nz/Aputure-Barndoors-Grid-and-Gel-Holder-for-LS-120d%60II-and-LS-300d%60II-LED-Lights,,,,,,,,,,,,,,
Aputure AL-MC RGB Portable Light,AL-MC,63169,https://www.rubbermonkey.co.nz/Aputure-Amaran-AL-MC-On-Camera-RGB-LED-Light,,,,,,,,,,,,,,
Aputure Amaran 100D Daylight LED Light,AP-AMARAN100D,82241,https://www.rubbermonkey.co.nz/Aputure-Amaran-100D-LED-Light,,,,,,,,,,,,,,
Aputure Amaran 200D Daylight LED Light,AP-AMARAN200D,82240,https://www.rubbermonkey.co.nz/Aputure-Amaran-100D-LED-Light,,,,,,,,,,,,,,
Godox AD200Pro TTL Pocket Flash Kit,GD-AD200PRO,61851,https://www.rubbermonkey.co.nz/Godox-AD200Pro-TTL-Pocket-Flash-Kit,,,,,,,,,,,,,,
Godox TTL Wireless Flash Trigger X2T-C,X2T-C,63153,https://www.rubbermonkey.co.nz/Godox-X2T-C-TTL-Wireless-Flash-Trigger-for-Canon,,,,,,,,,,,,,,
Godox SK400II Studio Flash,SK400II,62459,https://www.rubbermonkey.co.nz/Godox-SK400II-Studio-Strobe,,,,,,,,,,,,,,
Godox AK-R1 Accessory Kit for H200R Round Flash Head & V1 Flash,GD-AK-R1,69151,https://rubbermonkey.co.nz/Godox-AK-R1-Accessory-Kit-for-H200R-Round-Flash-Head,,,,,,,,,,,,,,
Godox XPRO-C TTL Wireless Flash Trigger - Canon,GD-XPRO-C,51008,https://www.rubbermonkey.co.nz/Godox-XProC-TTL-Wireless-Flash-Trigger-for-Canon-Cameras,,,,,,,,,,,,,,
Godox AD600 PRO Portable Flash (Bowens),GD-AD600PRO,51845,https://www.rubbermonkey.co.nz/Godox-AD600Pro-Portable-Flash-Bowens,,,,,,,,,,,,,,
Godox LED Photography Tent 80cm - 2 Lights,GD-LSD80,86439,https://www.rubbermonkey.co.nz/Godox-LED-Photography-Tent-2-Lights-80cm,,,,,,,,,,,,,,
Godox TTL Wireless Flash Trigger X2T-S,X2T-S,70381,https://www.rubbermonkey.co.nz/Godox-X2T-S-TTL-Wireless-Flash-Trigger-for-Sony,,,,,,,,,,,,,,
Godox S2-type Speedlite Bracket (Bowens mount),S2,73672,https://www.rubbermonkey.co.nz/Godox-S2-Speedlite-Bracket-for-Bowens,,,,,,,,,,,,,,
Godox TT685S Thinklite TTL Camera Flash for Sony,GD-TT685S,50998,https://www.rubbermonkey.co.nz/Godox-TT685S-Thinklite-TTL-Flash-for-Sony-Cameras,,,,,,,,,,,,,,
Godox AD600 Portable Flash (Bowens Manual),AD600BM,51847,https://www.rubbermonkey.co.nz/Godox-AD600-Portable-Flash-Bowens-Manual,,,,,,,,,,,,,,
Godox LR180B LED Ring Light small size,LR180B,69141,https://www.rubbermonkey.co.nz/Godox-LR180-Daylight-Ringlight-Black,,,,,,,,,,,,,,
Godox AD400 Pro All-In-One Outdoor Flash,GD-AD400Pro,62447,https://www.rubbermonkey.co.nz/Godox-AD400Pro-Witstro-All-In-One-Outdoor-Flash,,,,,,,,,,,,,,
Godox ML150 Macro Ring Flash,ML150,50961,https://www.rubbermonkey.co.nz/Godox-ML150-Macro-Ring-Flash,,,,,,,,,,,,,,
Godox V1 On-Camera Round Flash for Canon,FP-ZL-X-C,69037,https://www.rubbermonkey.co.nz/Godox-V1-Flash-for-Canon,,,,,,,,,,,,,,
Godox SL-60 LED Video Light (Daylight-Balanced),SL-60W,50980,https://www.rubbermonkey.co.nz/Godox-SL-60-LED-Video-Light-Daylight-Balanced,,,,,,,,,,,,,,
Godox LEDP260C multipy LED Light,LEDP260C,69115,https://www.rubbermonkey.co.nz/Godox-LEDP260C-Bi-Colour-LED-Light-Panel,,,,,,,,,,,,,,
Godox V860IIS Li-ion TTL Flash for Sony,GD-V860IIS,51029,https://www.rubbermonkey.co.nz/Godox-VING-V860IIS-TTL-Li-Ion-Flash-Kit-for-Sony-Cameras,,,,,,,,,,,,,,
iFootage Gazelle Tripod TC6S,TC6S,75296,https://www.rubbermonkey.co.nz/iFootage-Gazelle-TC6S-Uprise-Tripod-Carbon-Fibre,,,,,,,,,,,,,,
iFootage Cobra 2 A180 with Low Profile Tripod,A180,45579,https://www.rubbermonkey.co.nz/iFootage-Cobra-2-A180-with-Low-Profile-Monopod,,,,,,,,,,,,,,
iFootage Komodo K5 Fluid Head,KOMODOK5,45576,https://www.rubbermonkey.co.nz/iFootage-Komodo-K5-Fluid-Head,,,,,,,,,,,,,,
iFootage Cobra 2 A150 Strike II with Low Profile Tripod,A150S,45580,https://www.rubbermonkey.co.nz/iFootage-Cobra-2-Strike-with-Low-Profile-Monopod,,,,,,,,,,,,,,
iFootage Cobra 2 C180 with Low Profile Tripod,C180,45581,https://www.rubbermonkey.co.nz/iFootage-Cobra-2-C180-with-Low-Profile-Tripod,,,,,,,,,,,,,,
iFootage Gazelle Tripod TC7 Fastbowl,IF-TC7,61197,https://www.rubbermonkey.co.nz/iFootage-Gazelle-Tripod-TC7-FastBowl,,,,,,,,,,,,,,
iFootage Gazelle TC9 Fastbowl Carbon Fibre Tripod,IF-TC9,90994,https://www.rubbermonkey.co.nz/iFootage-Gazelle-TC9-Fastbowl-Carbon-Fibre-Tripod,,,,,,,,,,,,,,
iFootage Spider Crab Magic Arm MA5-6,402000035,91935,https://www.rubbermonkey.co.nz/iFootage-MA5-6-Spider-Crab-Magic-Arm,,,,,,,,,,,,,,
iFootage Spider Crab Magic Arm Limited LT4-5.5,402000042,91931,https://www.rubbermonkey.co.nz/iFootage-LT4-5-5-Spider-Crab-Magic-Arm-Limited,,,,,,,,,,,,,,
iFootage Cobra 2 C150 II with low profile tripod,401000061,77808,https://www.rubbermonkey.co.nz/iFootage-Cobra-2-C150-II-Carbon-Fiber-Monopod,,,,,,,,,,,,,,
IFootage Shark Slider Nano - Bundle,401000081,90993,https://www.rubbermonkey.co.nz/iFootage-Shark-Slider-Nano-Bundle,,,,,,,,,,,,,,
iFootage Spider Crab Magic Arm Limited LT2-3.5,402000041,91930,https://www.rubbermonkey.co.nz/iFootage-LT2-3-5-Spider-Crab-Magic-Arm-Limited,,,,,,,,,,,,,,
iFootage Komodo K7 Fluid Head,KOMODOK7,87567,https://www.rubbermonkey.co.nz/iFootage-Komodo-K7-Fluid-Head,,,,,,,,,,,,,,
Nanlite SB-FZ60 Parabolic Softbox for Forza 60,SB-FZ60,63450,https://www.rubbermonkey.co.nz/Nanlite-Forza-60-Softbox,,,,,,,,,,,,,,
Nanlite BT-BG-F550 PavoTube Battery Grip,BT-BG-F550,91028,https://www.rubbermonkey.co.nz/Nanlite-PavoTube-II-6C-NP-F-Battery-Grip-with-USB-C-Cable,,,,,,,,,,,,,,
Nanlite PavoTube II 6C 10inch RGBWW LED Tube with Battery,PavoTube-II-6C,91023,https://www.rubbermonkey.co.nz/Nanlite-PavoTube-II-6C-25cm-RGBWW-LED-Tube-with-Battery,,,,,,,,,,,,,,
Nanlite Forza 60 LED Monolight,44896,63414,https://www.rubbermonkey.co.nz/Nanlite-Forza-60-LED-Monolight,,,,,,,,,,,,,,
Nanlite BH-FZ60 Battery Handle for Forza 60,BH-FZ60,63447,https://www.rubbermonkey.co.nz/Nanlite-Forza-60-Battery-Grip,,,,,,,,,,,,,,
Nanlite Forza 150 LED Spotlight,NL12-2039,91448,https://www.rubbermonkey.co.nz/Nanlite-Forza-150-Daylight-LED-Monolight,,,,,,,,,,,,,,
Nanlite PavoTube 30C 2 Kit with Light Stand and Tube Holder,PAVO30-2KIT,63435,https://www.rubbermonkey.co.nz/Nanlite-PavoTube-30C-4-RGBW-LED-Tube-with-Internal-Battery-2-Light-Kit,,,,,,,,,,,,,,
Nanlite PavoTube 15C 2 Kit with Light Stand and Tube Holder,PAVO15-2KIT,63437,https://www.rubbermonkey.co.nz/Nanlite-PavoTube-15C-2-RGBW-LED-Tube-with-Internal-Battery-2-Light-Kit,,,,,,,,,,,,,,
Nanlite Pavotube II 15X 2Kit RGBW LED Tube with Battery & App Control,15-2021-2Kit,91007,https://www.rubbermonkey.co.nz/Nanlite-PavoTube-II-15X-RGBWW-LED-Tube-with-Battery-App-Control-2-Light-Kit-60cm,,,,,,,,,,,,,,
Nanlite Pavotube II 30X 2Kit RGBW LED Tube with Battery & App Control,15-2020-2Kit,91010,https://www.rubbermonkey.co.nz/Nanlite-PavoTube-II-30X-RGBWW-LED-Tube-with-Battery-App-Control-2-Light-Kit-120cm,,,,,,,,,,,,,,
Nanlite Halo16 Bi-Color LED Ring Light,12-20241,63420,https://www.rubbermonkey.co.nz/Nanlite-Halo-16-Ring-Light-Bi-Color-Case-Kit,,,,,,,,,,,,,,
Nanlite Forza 300 LED Monolight,40878,63408,https://www.rubbermonkey.co.nz/Nanlite-Forza-300-LED-Monolight,,,,,,,,,,,,,,
Nanlite Compac 100B Adjustable Bicolor Slim Soft Light Studio LED Panel,NL-12-2009,63409,https://www.rubbermonkey.co.nz/Nanlite-Compac-100B-Bi-Color-Slim-Soft-Light-Studio-LED-Panel,,,,,,,,,,,,,,
Nanlite Forza 500 LED Monolight,46357,63426,https://www.rubbermonkey.co.nz/Nanlite-Forza-500-LED-Monolight,,,,,,,,,,,,,,
"Nanlite Halo 18"" Bi-Color Ring Light",12-20251,63423,https://www.rubbermonkey.co.nz/Nanlite-Halo-18-Bi-Color-Ring-Light-Kit,,,,,,,,,,,,,,
"Nanlite Halo 19 Daylight 19"" LED Ring Light with Cloth Diffuser and Camera Mount",NL-12-2027,63428,https://www.rubbermonkey.co.nz/Nanlite-Halo-19-Daylight-19-LED-Ring-Light-with-Cloth-Diffuser,,,,,,,,,,,,,,
Nanlite Pavotube II 30X 1Kit RGBW LED Tube with Battery & App Control,15-2020-1Kit,91009,https://www.rubbermonkey.co.nz/Nanlite-PavoTube-II-30X-RGBWW-LED-Tube-with-Battery-App-Control-120cm,,,,,,,,,,,,,,
Nanlite Pavotube II 15X 1Kit RGBW LED Tube with Battery & App Control,15-2021-1Kit,91005,https://www.rubbermonkey.co.nz/Nanlite-PavoTube-II-15X-RGBWW-LED-Tube-with-Battery-App-Control-60cm,,,,,,,,,,,,,,
Nanlite Pavotube II 30X 4Kit RGBW LED Tube with Battery & App Control,15-2020-4Kit,91011,https://www.rubbermonkey.co.nz/Nanlite-PavoTube-II-30X-RGBWW-LED-Tube-with-Battery-App-Control-4-Light-Kit-120cm,,,,,,,,,,,,,,
"Kupo CT-40MK 40"" Riser C-Stand Turtle Base Kit (Silver, 9.7')",Kupo-CT-40MK,44174,https://www.rubbermonkey.co.nz/Kupo-CT-40MK-101-6cm-Riser-C-Stand-Turtle-Base-Kit-Silver-2-96m,,,,,,,,,,,,,,
"Kupo KD-CM16P Baby Drop Ceiling Adapter with 5/8"" Stud",Kupo-KD-CM16P,44033,https://www.rubbermonkey.co.nz/Kupo-KD-CM16P-Baby-Drop-Ceiling-Adapter-with-5%608-16mm-Stud,,,,,,,,,,,,,,
Kupo KCP-600 Super Viser Clamp with Hex Receiver (10.2cm End Jaw),KCP-600,43992,https://www.rubbermonkey.co.nz/Kupo-KCP-600-Super-Viser-Clamp-with-Hex-Receiver-10-2cm-End-Jaw,,,,,,,,,,,,,,
Kupo 542MB Master Cine Stand,Kupo-542MB,44014,https://www.rubbermonkey.co.nz/Kupo-542M-Master-Cine-Stand-3-2m,,,,,,,,,,,,,,
"Kupo KCP-241 40"" Hex Grip Arm with Big Handle (Silver)",Kupo-KCP-241,44135,https://www.rubbermonkey.co.nz/Kupo-40-Hex-Grip-Arm-with-Big-Handle-Silver,,,,,,,,,,,,,,
"Kupo KCP-200 2-1/2"" Grip Head With Big Handle (Chrome-Plated Finish)",Kupo-KCP-200,44089,https://www.rubbermonkey.co.nz/Kupo-KCP-200-2-1%602-Grip-Head-With-Big-Handle-Chrome-Plated-Finish,,,,,,,,,,,,,,
Tilta TA-T01-PTAP-PC P-Tap Power Cable for BMPCC 4K,TA-T01-PTAP-PC,59707,https://www.rubbermonkey.co.nz/Tilta-P-tap-Power-Cable-for-Blackmagic-Pocket-Cinema-Camera-4K,,,,,,,,,,,,,,
Tilta Seamless Focus Gear Ring for 72mm to 74mm Lens,TA-FGR-7274,72969,https://www.rubbermonkey.co.nz/Tilta-Seamless-Focus-Gear-Ring-72-to-74mm,,,,,,,,,,,,,,
Tilta Camera Cage for Sony FX6 Advanced Kit - V Mount,ES-T20-B-V,85836,https://www.rubbermonkey.co.nz/Tilta-Camera-Cage-for-Sony-FX6-Advanced-Kit-V-Mount,,,,,,,,,,,,,,
Tilta Nucleus-N Nano Wireless Lens Control System,WLC-T04,57193,https://www.rubbermonkey.co.nz/Tilta-Nucleus-Nano-Wireless-Lens-Control-System,,,,,,,,,,,,,,
Tilta Mini Follow Focus,FF-T06,72659,https://www.rubbermonkey.co.nz/Tilta-FF-T06-Mini-Follow-Focus,,,,,,,,,,,,,,
Tilta Mini Matte Box,MB-T15,72658,https://www.rubbermonkey.co.nz/Tilta-MB-T15-Mini-Matte-Box,,,,,,,,,,,,,,
"Atomos Ninja V 5"" 4K HDMI Recording Monitor",ATOMNJAV01,52233,https://www.rubbermonkey.co.nz/Atomos-Ninja-V-5-4K-HDMI-Recording-Monitor,,,,,,,,,,,,,,
"Atomos Ninja V+ 5"" 8K HDMI H.265 Raw Recording Monitor",ATOMNJVPL1,86476,https://www.rubbermonkey.co.nz/Atomos-Ninja-V-5-8K-HDMI-H-265-Raw-Recording-Monitor,,,,,,,,,,,,,,
"Atomos Shinobi 5.2"" 4K HDMI Monitor",ATOMSHBH01,58923,https://www.rubbermonkey.co.nz/Atomos-Shinobi-5-4K-HDMI-Monitor,,,,,,,,,,,,,,
Atomos AtomX CAST Modular Expansion,ATOMXCST01,87800,https://www.rubbermonkey.co.nz/Atomos-AtomX-CAST-Modular-Expansion-for-for-Ninja-V-%60-V,,,,,,,,,,,,,,
"Atomos Shinobi 7"" 4K HDMI/SDI Monitor",ATOMSHB002,87554,https://www.rubbermonkey.co.nz/Atomos-Shinobi-7-4K-HDMI%60SDI-Monitor,,,,,,,,,,,,,,
"FeelWorld LUT7S 7"" 3D LUT 4K HDMI and SDI Monitor",FW-LUT7S,63800,https://www.rubbermonkey.co.nz/FeelWorld-LUT7S-7-3G-Touch-Screen-On-Camera-Monitor,,,,,,,,,,,,,,
"FeelWorld F6 PLUS 5.5"" HDMI monitor",F6 PLUS,61601,https://www.rubbermonkey.co.nz/Feelworld-F6-Plus-5-5-On-Camera-Monitor,,,,,,,,,,,,,,
"FeelWorld LUT6 6"" 2600nit 4K HDMI HDR Field Monitor",FW-LUT6,79342,https://www.rubbermonkey.co.nz/Feelworld-LUT6-6-Inch-2600nits-HDR%603D-LUT-Touch-Screen,,,,,,,,,,,,,,
"FeelWorld LUT6s 6"" 2600nit 4K 3G-SDI HDR Field Monitor",FW-LUT6S,79343,https://www.rubbermonkey.co.nz/Feelworld-LUT6S-6-Inch-2600nits-HDR%603D-LUT-Touch-Screen,,,,,,,,,,,,,,
"FeelWorld LUT7 7"" 3D LUT 4K HDMI Monitor",FW-LUT7,63801,https://www.rubbermonkey.co.nz/FeelWorld-LUT7-7-3D-LUT-4K-HDMI-Monitor,,,,,,,,,,,,,,
Hollyland Mars 300 PRO HDMI Wireless Video Transmitter/Receiver Set (Enhanced),HL-MARS300PRO-EN,77568,https://rubbermonkey.co.nz/Hollyland-Mars-300-PRO-HDMI-Wireless-Video-Transmitter%60Receiver-Set-Enhanced,,,,,,,,,,,,,,
Hollyland Mars 400S PRO SDI/HDMI Wireless Video Transmission System,HL-MARS-400S-PRO,79504,https://www.rubbermonkey.co.nz/Hollyland-Mars-400S-PRO-SDI%60HDMI-Wireless-Video-Transmission-System,,,,,,,,,,,,,,
Hollyland LARK 150 Wireless Dual Microphone System,HL-LARK 150,82149,https://www.rubbermonkey.co.nz/Hollyland-LARK-150-Dual-Wireless-Microphone-System,,,,,,,,,,,,,,
Hollyland Mars 300 PRO HDMI Wireless Video Transmitter/Receiver Set (Standard),HL-MARS300PRO-ST,77569,https://www.rubbermonkey.co.nz/Hollyland-Mars-300-PRO-HDMI-Wireless-Video-Transmitter%60Receiver-Set-Standard,,,,,,,,,,,,,,
Hollyland COSMO C1 Wireless SDI/HDMI Transmission System,1150.525915,91738,https://www.rubbermonkey.co.nz/Hollyland-Cosmo-C1-Wireless-SDI-HDMI-Transmission-System,,,,,,,,,,,,,,
SmallRig Mini Follow Focus 3010,3010,86418,https://www.rubbermonkey.co.nz/SmallRig-Mini-Follow-Focus,,,,,,,,,,,,,,
SmallRig Mini Matte Box 3196,3196,88322,https://www.rubbermonkey.co.nz/SmallRig-3196-Mini-Matte-Box,,,,,,,,,,,,,,
SmallRig NATO Clamp to ARRI Rosette 2046,SR-2046,51719,https://www.rubbermonkey.co.nz/SmallRig-2046-NATO-Clamp-to-Arri-Rosette,,,,,,,,,,,,,,
SmallRig Swivel Monitor Mount with Arri Locating Pins 2174,SR-2174,78548,https://www.rubbermonkey.co.nz/SmallRig-Monitor-Mount-with-Arri-Locating-Pins,,,,,,,,,,,,,,
SmallRig NATO Top Handle HTN2439,HTN2439,67101,https://www.rubbermonkey.co.nz/SmallRig-NATO-Top-Handle-with-15mm-Rod-Clamp,,,,,,,,,,,,,,
SmallRig SONY VCT-14 Universal Multifunctional Shoulder Kit,3169,85602,https://www.rubbermonkey.co.nz/SmallRig-Sony-VCT-14-Universal-Multifunctional-Shoulder-Kit,,,,,,,,,,,,,,
SmallRig Dual Handgrip for DJI RS 2/RSC 2 3027,3027,79093,https://www.rubbermonkey.co.nz/SmallRig-Dual-Handgrip-for-DJI-RS-2%60RSC-2-Gimbal,,,,,,,,,,,,,,
SmallRig Multi-purpose Cheese Plate 1681,SR-1681,43595,https://www.rubbermonkey.co.nz/SmallRig-1681-Multi-purpose-Cheese-Plate,,,,,,,,,,,,,,
"SmallRig Cold Shoe Adapter with 3/8"" to 1/4"" Thread(2pcs Pack) 1631",SR-1631,43688,https://www.rubbermonkey.co.nz/SmallRig-1631-Cold-Shoe-Adapter-with-3%608-to-1%604-Thread-2pcs-Pack,,,,,,,,,,,,,,
"SmallRig 1/4"" to 3/8"" Screw Adapter (5 pcs) 1610",SR-1610,43693,https://www.rubbermonkey.co.nz/SmallRig-1610-New-Thread-Adapter-w%60-1%604-to-3%608-thread-5pcs-pack,,,,,,,,,,,,,,
SmallRig Mini Side Handle 2916,SR-2916,79127,https://www.rubbermonkey.co.nz/SmallRig-Mini-Side-Handle-with-Dual-1%604-20-Screw-Mount,,,,,,,,,,,,,,
"SmallRig 2065 7"" Articulating Arm",SR-2065,48779,https://www.rubbermonkey.co.nz/SmallRig-2065-7-Articulating-Arm,,,,,,,,,,,,,,
SmallRig Camera Cage for Canon EOS R5 and R6 2982,2982,79175,https://www.rubbermonkey.co.nz/SmallRig-Camera-Cage-for-Canon-EOS-R5-and-R6,,,,,,,,,,,,,,
SmallRig Cage for Panasonic GH5 and GH5S CCP2646,CCP2646,79247,https://www.rubbermonkey.co.nz/SmallRig-Camera-Cage-for-Panasonic-GH5-and-GH5S,,,,,,,,,,,,,,
"SmallRig Super Clamp with 1/4"" and 3/8"" Thread (2pcs Pack) 2058",2058,59531,https://www.rubbermonkey.co.nz/SmallRig-2058-Super-Clamp-with-1%604-and-3%608-Thread-2pcs-Pack,,,,,,,,,,,,,,
SmallRig Cage for Panasonic S5 Camera 2983,2983,79183,https://www.rubbermonkey.co.nz/SmallRig-Camera-Cage-for-Panasonic-S5,,,,,,,,,,,,,,
SmallRig Basic Shoulder Pad with Rod Clamp 2894,2894,83562,https://www.rubbermonkey.co.nz/SmallRig-Basic-Shoulder-Pad-with-15mm-LWS-Rod-Clamp,,,,,,,,,,,,,,
SmallRig Cage Kit for Blackmagic 4k & 6k 3129,3129,85565,https://www.rubbermonkey.co.nz/SmallRig-Full-Cage-Kit-for-Blackmagic-Pocket-Cinema-Camera-6K%604K,,,,,,,,,,,,,,
SmallRig Full Cage for Sony Alpha 1 & Alpha 7S III 3241,3241,84191,https://www.rubbermonkey.co.nz/SmallRig-Full-Cage-for-Sony-a1-and-a7S-III,,,,,,,,,,,,,,
"SmallRig Double Head Stud w/ 1/4"" to 1/4"" Thread 859",SR-859,43720,https://www.rubbermonkey.co.nz/SmallRig-859-Big-Double-Head-Stud-with-1%604-to-1%604-thread,,,,,,,,,,,,,,
SmallRig L-Bracket For Sony A7III/A7RIII/A9 2122,SR-2122,56413,https://www.rubbermonkey.co.nz/SmallRig-2122-L-Bracket-for-Sony-A7RIII%60A7III%60A9,,,,,,,,,,,,,,
SmallRig Cold Shoe 1241,SR-1241,43528,https://www.rubbermonkey.co.nz/SmallRig-1241-Cold-Shoe,,,,,,,,,,,,,,
SmallRig Dogbone ARRI Rosette Arm 1684,SR-1684,43626,https://www.rubbermonkey.co.nz/SmallRig-Extension-Arm-with-ARRI-Rosette,,,,,,,,,,,,,,
SmallRig Cage for Sony A7RIII/A7M3/A7III with VG-C3EM Vertical Grip 2176,2176,56460,https://www.rubbermonkey.co.nz/SmallRig-2176-Cage-for-Sony-A7RIII%60A7M3%60A7III-with-VG-C3EM-Vertical-Grip,,,,,,,,,,,,,,
SmallRig NATO Clamp 1885,SR-1885,43532,https://www.rubbermonkey.co.nz/SmallRig-1885-NATO-Clamp,,,,,,,,,,,,,,
SmallRig Swivel and Tilt Monitor Mount BSE2294,SR-BSE2294,61209,https://www.rubbermonkey.co.nz/SmallRig-BSE2294-Swivel-and-Tilt-Monitor-Mount,,,,,,,,,,,,,,
SmallRig Top Handle (Rubber) 1446,SR-1446,36935,https://www.rubbermonkey.co.nz/SmallRig-1446-Top-Handle,,,,,,,,,,,,,,
SmallRig Black Mamba Kit for EOS R5 & R6 3234,3234,86280,https://www.rubbermonkey.co.nz/SmallRig-Black-Mamba-Cage-Kit-for-Canon-EOS-R5-R6,,,,,,,,,,,,,,
"SmallRig 2066 9.5"" Articulating Arm",SR-2066,48778,https://www.rubbermonkey.co.nz/SmallRig-2066-11-Articulating-Arm,,,,,,,,,,,,,,
SmallRig VCT-14 Quick Release Tripod Plate 2169,SR-2169,59539,https://www.rubbermonkey.co.nz/SmallRig-2169-VCT-14-Quick-Release-Tripod-Plate,,,,,,,,,,,,,,
SmallRig Cage for Blackmagic Design Pocket Cinema Camera 4K / 6K 2203,SR-2203,56910,https://www.rubbermonkey.co.nz/SmallRig-Full-Cage-for-Blackmagic-Pocket-Cinema-Camera-6K%604K,,,,,,,,,,,,,,
SmallRig Cage for Canon 5D Mark III IV CCC2271,CCC2271,61425,https://www.rubbermonkey.co.nz/SmallRig-CCC2271-Cage-for-Canon-5D-Mark-III-IV,,,,,,,,,,,,,,
SmallRig Camera Cage and HDMI Cable Clamp for Sony Alpha 7S III A7S III A7S3 3007,3007,79236,https://www.rubbermonkey.co.nz/SmallRig-Camera-Cage-with-HDMI-Cable-Clamp-for-Sony-a7S-III,,,,,,,,,,,,,,
SmallRig NP-F Battery Adapter Plate for BMPCC 4K & 6K Cameras EB2698,EB2698,85656,https://www.rubbermonkey.co.nz/SmallRig-Professional-Camera-Cage-Kit-for-BMPCC-4K%606K,,,,,,,,,,,,,,
Smallrig Full Cage for BMPCC 6K Pro 3270,3270,85871,https://www.rubbermonkey.co.nz/SmallRig-3270-Full-Cage-For-BMPCC-6K-Pro,,,,,,,,,,,,,,
SmallRig GoPro HERO9 and HERO10 Black Cage 3083,3083,86415,https://www.rubbermonkey.co.nz/SmallRig-Cage-for-GoPro-HERO9-Black,,,,,,,,,,,,,,
SmallRig Cage for Sony FX3 Cinema Camera 3277,3277,86384,https://www.rubbermonkey.co.nz/Smallrig-Cage-for-Sony-FX3-with-Cable-Clamp,,,,,,,,,,,,,,
SmallRig Phone Cage for Videography,3111,90842,https://www.rubbermonkey.co.nz/SmallRig-Phone-Cage-for-Videography,,,,,,,,,,,,,,
SmallRig Adjustable Monitor Mount for DJI RONIN-S/RONIN-SC & ZHIYUN CRANE 3/CRANE 3S/WEEBILL-S & MOZA AirCross 2 Gimbals 2889,2889,79120,https://www.rubbermonkey.co.nz/SmallRig-Adjustable-Monitor-Mount-for-Select-Handheld-Gimbal-Stabilizers,,,,,,,,,,,,,,
SmallRig Monitor Mount with NATO Clamp for DJI RS 2/RSC 2 3026,3026,79092,https://www.rubbermonkey.co.nz/SmallRig-Ronin-S-And-Ronin-SC-Discover-Monitor-Mount,,,,,,,,,,,,,,
SmallRig Wooden Universal Side Handle 2093,HSN2093C,56398,https://www.rubbermonkey.co.nz/SmallRig-2093-Wooden-Universal-Side-Handle,,,,,,,,,,,,,,
SmallRig Rod Connector w/ M12 thread for 15mm rods x2,SR-900,43788,https://www.rubbermonkey.co.nz/SmallRig-900-2pcs-Rod-Connector-for-15mm-Rods,,,,,,,,,,,,,,
SmallRig NP-F Battery Adapter Plate EB2504,SB-EB2504,75190,https://www.rubbermonkey.co.nz/SmallRig-NP-F-Battery-Adapter-Plate,,,,,,,,,,,,,,
SmallRig Holder for Portable Power Banks BUB2336,SR-BUB2336,61312,https://www.rubbermonkey.co.nz/SmallRig-Holder-for-Portable-Power-Banks,,,,,,,,,,,,,,
"SmallRig Super Clamp w/ 1/4"" and 3/8"" thread 735",735,45562,https://www.rubbermonkey.co.nz/SmallRig-735-Super-Clamp-w%60-1%604-and-3%608-Thread,,,,,,,,,,,,,,
SmallRig MOFT x simorr Adhesive Phone Stand(orange) 3328,3328,87487,https://www.rubbermonkey.co.nz/SmallRig-MOFT-X-Simorr-Adhesive-Smartphone-Stand-Fresh-Orange,,,,,,,,,,,,,,
MF1005BAC,1283,https://www.rubbermonkey.co.nz/Manfrotto-1005BAC-Ranker-Stand,,,,,,,,,,,,,,,
MF200PL,1685,https://www.rubbermonkey.co.nz/Manfrotto-200PL-Quick-Release-Plate-with-3%608-and-1%604-20-screw,,,,,,,,,,,,,,,
MF323,1771,https://www.rubbermonkey.co.nz/Manfrotto-323-RC2-Quick-Change-Rectangular-Plate-Adapter,,,,,,,,,,,,,,,
MF501PL,1834,https://www.rubbermonkey.co.nz/Manfrotto-501-PL-Quick-Release-Plate,,,,,,,,,,,,,,,
MBAG100PN,1859,https://www.rubbermonkey.co.nz/Manfrotto-MBAG100PN-Padded-Tripod-Bag,,,,,,,,,,,,,,,
MBAG70N,1861,https://www.rubbermonkey.co.nz/Manfrotto-MBAG70N-Unpadded-Tripod-Bag,,,,,,,,,,,,,,,
JB00171,6874,https://www.rubbermonkey.co.nz/Joby-Gorillapod-Video,,,,,,,,,,,,,,,
MVH500AH,12570,https://www.rubbermonkey.co.nz/Manfrotto-MVH500AH-Fluid-Video-Head-with-Flat-Base,,,,,,,,,,,,,,,
SAEPCF32GBQ,13529,https://www.rubbermonkey.co.nz/SanDisk-32GB-Extreme-Pro-CompactFlash-Memory-Card,,,,,,,,,,,,,,,
SDCFXSB-032G-G46,14831,https://www.rubbermonkey.co.nz/SanDisk-32GB-Extreme-CompactFlash-Memory-Card,,,,,,,,,,,,,,,
SDCFXSB-064G-G46,14832,https://www.rubbermonkey.co.nz/SanDisk-64GB-Extreme-CompactFlash-Memory-Card,,,,,,,,,,,,,,,
SDCFXS-128G-A46,14835,https://www.rubbermonkey.co.nz/SanDisk-128GB-Extreme-CompactFlash-Memory-Card,,,,,,,,,,,,,,,
JB01300,14958,https://www.rubbermonkey.co.nz/Joby-GorillaPod-Action-Tripod-with-GoPro-Mount,,,,,,,,,,,,,,,
MTPIXI-B,15377,https://www.rubbermonkey.co.nz/Manfrotto-PIXI-B-Mini-Table-Top-Tripod-Black,,,,,,,,,,,,,,,
Sirui K-20X,15673,https://www.rubbermonkey.co.nz/Sirui-K-20x-Ball-Head,,,,,,,,,,,,,,,
BTR-LPE6-JWP,15888,https://www.rubbermonkey.co.nz/Wasabi-Power-Battery-Canon-LP-E6-type,,,,,,,,,,,,,,,
BTR-LPE8-JWP,16022,https://www.rubbermonkey.co.nz/Wasabi-Power-Battery-for-Canon-LP-E8,,,,,,,,,,,,,,,
BTR-FM500H-JWP,16024,https://www.rubbermonkey.co.nz/Wasabi-Power-Battery-for-Sony-NP-FM500H,,,,,,,,,,,,,,,
BTR-FW50-JWP,16255,https://www.rubbermonkey.co.nz/Wasabi-Power-Battery-Sony-NP-FW50-type,,,,,,,,,,,,,,,
MFMT055XPRO3,16509,https://www.rubbermonkey.co.nz/Manfrotto-MT055XPRO3-Aluminium-Tripod,,,,,,,,,,,,,,,
MKCOMPACTACN-BK,17401,https://www.rubbermonkey.co.nz/Manfrotto-Compact-Action-Aluminium-Tripod-Black,,,,,,,,,,,,,,,
MKCOMPACTADV-BK,17409,https://www.rubbermonkey.co.nz/Manfrotto-Compact-Advanced-Aluminum-Tripod-Black,,,,,,,,,,,,,,,
BTR-NPF960,17444,https://www.rubbermonkey.co.nz/Wasabi-Power-Battery-for-Sony-NP-F970-8500mAh,,,,,,,,,,,,,,,
MKCOMPACTLT-BK,18700,https://www.rubbermonkey.co.nz/Manfrotto-Compact-Light-Aluminum-Tripod-Black,,,,,,,,,,,,,,,
MBPL-CRC-15,19775,https://www.rubbermonkey.co.nz/Manfrotto-CRC-15-Pro-Light-Video-Camera-Raincover-for-Small-Camcorder-%60-DSLR-Rig-Black,,,,,,,,,,,,,,,
BTR-NPF550,19875,https://www.rubbermonkey.co.nz/Wasabi-Power-Sony-NP-F550-type-battery-2600mAh,,,,,,,,,,,,,,,
JB01329,20584,https://www.rubbermonkey.co.nz/Joby-Suction-Cup-GorillaPod-Arm,,,,,,,,,,,,,,,
LP36862,22432,https://www.rubbermonkey.co.nz/Lowepro-Adventura-SH-160-II-Shoulder-Bag-Black,,,,,,,,,,,,,,,
LP36863,22445,https://www.rubbermonkey.co.nz/Lowepro-Adventura-SH-140-II-Shoulder-Bag-Black,,,,,,,,,,,,,,,
LP36864,22446,https://www.rubbermonkey.co.nz/Lowepro-Adventura-SH-120-II-Shoulder-Bag-Black,,,,,,,,,,,,,,,
LP36867,22447,https://www.rubbermonkey.co.nz/Lowepro-Adventura-TLZ-30-II-Top-Loading-Shoulder-Bag,,,,,,,,,,,,,,,
LP36868,22448,https://www.rubbermonkey.co.nz/Lowepro-Adventura-TLZ-20-II-Top-Loading-Shoulder-Bag,,,,,,,,,,,,,,,
MHXPRO-3WG,23009,https://www.rubbermonkey.co.nz/Manfrotto-MHXPRO-3WG-XPRO-3-Way-Geared-Head,,,,,,,,,,,,,,,
SDSQXCY-064G-GN6MA,23360,https://www.rubbermonkey.co.nz/SanDisk-64GB-Extreme-PRO-UHS-I-microSDXC-Memory-Card-U3-Class-10,,,,,,,,,,,,,,,
LP36866,23612,https://www.rubbermonkey.co.nz/Lowepro-Adventura-SH-100-II-Shoulder-Bag-Black,,,,,,,,,,,,,,,
MRROUND-PL,26835,https://www.rubbermonkey.co.nz/Manfrotto-Round-Quick-Release-Plate-for-Compact-Action-Tripods,,,,,,,,,,,,,,,
BTR-NPBX1-JWP,27031,https://www.rubbermonkey.co.nz/Wasabi-Power-Battery-for-Sony-NP-BX1,,,,,,,,,,,,,,,
BTR-NPF750-JWP,27548,https://www.rubbermonkey.co.nz/Wasabi-Power-NP-F750-Battery-for-Sony-4900mAh,,,,,,,,,,,,,,,
BTR-ENEL15-JWP,28331,https://www.rubbermonkey.co.nz/Wasabi-Power-Battery-Nikon-EN-EL15-type,,,,,,,,,,,,,,,
SDSDUNC-016G-GN6IN,30876,https://www.rubbermonkey.co.nz/SanDisk-16GB-Ultra-UHS-I-SDHC-Memory-Card-Class-10,,,,,,,,,,,,,,,
SDSQUAR-016G-GN6MA,30881,https://www.rubbermonkey.co.nz/SanDisk-16GB-Ultra-UHS-I-microSDHC-Memory-Card-Class-10,,,,,,,,,,,,,,,
MTPIXIEVO-RD,32428,https://www.rubbermonkey.co.nz/Manfrotto-PIXI-EVO-Mini-Tripod-Red,,,,,,,,,,,,,,,
SR-UwMic9-RX9-TX9-Pack,33976,https://www.rubbermonkey.co.nz/Saramonic-UWMIC9-Digital-UHF-Wireless-Lavalier-1x-Transmitter-and-1x-Receiver-Mic-System,,,,,,,,,,,,,,,
SR-UwMic9-Dual,33977,https://www.rubbermonkey.co.nz/Saramonic-UWMIC9-Dual-Digital-UHF-Wireless-2x-Transmitters-and-1x-Receiver-Lavalier-Mic-System,,,,,,,,,,,,,,,
APUTURE-AL-M9,35149,https://www.rubbermonkey.co.nz/Aputure-Amaran-AL-M9-LED-Video-Light,,,,,,,,,,,,,,,
W-2204,35239,https://www.rubbermonkey.co.nz/Sirui-W-2204-Waterproof-Carbon-Fiber-Tripod,,,,,,,,,,,,,,,
JB01389,35436,https://www.rubbermonkey.co.nz/Joby-GripTight-PRO-Smartphone-Mount,,,,,,,,,,,,,,,
JB01394,35438,https://www.rubbermonkey.co.nz/Joby-GripTight-PRO-Tablet-Mount,,,,,,,,,,,,,,,
BTR-ENEL14-DEC-JWP,36914,https://www.rubbermonkey.co.nz/Wasabi-Power-Battery-for-Nikon-EN-EL14,,,,,,,,,,,,,,,
SR-AX100,37023,https://www.rubbermonkey.co.nz/Saramonic-SR-AX100-2-Channel-Universal-Audio-Adapter-for-DSLR,,,,,,,,,,,,,,,
MVH400AH,37132,https://www.rubbermonkey.co.nz/Manfrotto-MVH400AH-Befree-Live-Video-Head,,,,,,,,,,,,,,,
SDSDXXG-032G-GN4IN,37135,https://www.rubbermonkey.co.nz/SanDisk-32GB-Extreme-PRO-SDHC-UHS-I-Memory-Card,,,,,,,,,,,,,,,
SDSDXVE-032G-GNCIN,37141,https://www.rubbermonkey.co.nz/SanDisk-32GB-Extreme-UHS-I-SDHC-Memory-Card,,,,,,,,,,,,,,,
1053,37166,https://www.rubbermonkey.co.nz/SmallRig-1053-15mm-Black-Aluminium-Alloy-Rod-30cm-2-pcs,,,,,,,,,,,,,,,
MBNX-SB-IIIBU,37201,https://www.rubbermonkey.co.nz/Manfrotto-CSC-Shoulder-Bag-Blue,,,,,,,,,,,,,,,
1124,37212,https://www.rubbermonkey.co.nz/SmallRig-1124-Clamp-Mount-V1-w%60-Ball-Head-Mount-and-CoolClamp,,,,,,,,,,,,,,,
LP36975,37511,https://www.rubbermonkey.co.nz/Lowepro-Photo-Classic-Series-BP-300-AW-Backpack-Black,,,,,,,,,,,,,,,
SR-1598,37517,https://www.rubbermonkey.co.nz/SmallRig-1598-Easy-Plate,,,,,,,,,,,,,,,
SR-1674,37616,https://www.rubbermonkey.co.nz/SmallRig-1674-Multipurpose-U-Base-Universal-Baseplate-with-Dual-15mm-Rod-Clamp,,,,,,,,,,,,,,,
KIT-BB-LPE6,39884,https://www.rubbermonkey.co.nz/Wasabi-Power-Battery-and-Dual-USB-Charger-for-Canon-LP-E6-2-Pack,,,,,,,,,,,,,,,
KIT-BB-LPE8,39886,https://www.rubbermonkey.co.nz/Wasabi-Power-Battery-and-Dual-USB-Charger-for-Canon-LP-E8-2-Pack,,,,,,,,,,,,,,,
KIT-BB-FW50,39888,https://www.rubbermonkey.co.nz/Wasabi-Power-Battery-and-Dual-USB-Charger-for-Sony-NP-FW50-2-Pack,,,,,,,,,,,,,,,
LCH-DC-LPE6,39900,https://www.rubbermonkey.co.nz/Wasabi-Power-Dual-USB-Charger-for-Canon-LP-E6,,,,,,,,,,,,,,,
KIT-BB-LPE17,39904,https://www.rubbermonkey.co.nz/Wasabi-Power-Battery-and-Dual-USB-Charger-for-Canon-LP-E17-2-Pack-Not-decoded,,,,,,,,,,,,,,,
KIT-BB-BLF19,39908,https://www.rubbermonkey.co.nz/Wasabi-Power-Battery-and-Dual-USB-Charger-for-Panasonic-DMW-BLF19-2-Pack,,,,,,,,,,,,,,,
IF-DRE6,40849,https://www.rubbermonkey.co.nz/Canon-DC-Coupler-DR-E6,,,,,,,,,,,,,,,
SR-1241,43528,https://www.rubbermonkey.co.nz/SmallRig-1241-Cold-Shoe,,,,,,,,,,,,,,,
SR-1631,43688,https://www.rubbermonkey.co.nz/SmallRig-1631-Cold-Shoe-Adapter-with-3%608-to-1%604-Thread-2pcs-Pack,,,,,,,,,,,,,,,
SR-1610,43693,https://www.rubbermonkey.co.nz/SmallRig-1610-New-Thread-Adapter-w%60-1%604-to-3%608-thread-5pcs-pack,,,,,,,,,,,,,,,
SR-859,43720,https://www.rubbermonkey.co.nz/SmallRig-859-Big-Double-Head-Stud-with-1%604-to-1%604-thread,,,,,,,,,,,,,,,
SR-856,43721,https://www.rubbermonkey.co.nz/SmallRig-856-Thread-adapter-w%60-1%604-to-3%608-thread-10pcs-Pack,,,,,,,,,,,,,,,
SR-838,43723,https://www.rubbermonkey.co.nz/SmallRig-838-Quick-release-Camera-Fixing-screw-1%604-inch,,,,,,,,,,,,,,,
828,43724,https://www.rubbermonkey.co.nz/SmallRig-828-Double-Head-Stud-with-1%604-to-1%604-thread,,,,,,,,,,,,,,,
SR-761,43731,https://www.rubbermonkey.co.nz/SmallRig-761-1%604-Camera-Hot-shoe-mount-w%60-additional-1%604-screw,,,,,,,,,,,,,,,
Kupo-KP-X245P,43963,https://www.rubbermonkey.co.nz/Kupo-KP-X245P-Aluminum-Core-for-a-2-75m-Background,,,,,,,,,,,,,,,
KCP-600,43992,https://www.rubbermonkey.co.nz/Kupo-KCP-600-Super-Viser-Clamp-with-Hex-Receiver-10-2cm-End-Jaw,,,,,,,,,,,,,,,
Kupo-KCP-710B,43996,https://www.rubbermonkey.co.nz/Kupo-KCP-710B-Convi-Clamp-With-Adjustable-Handle-Black-Finish,,,,,,,,,,,,,,,
CT-40M,44025,https://www.rubbermonkey.co.nz/Kupo-CT-40M-Master-C-Stand-with-Turtle-Base-Silver-2-96m,,,,,,,,,,,,,,,
Kupo-KD-CM16P,44033,https://www.rubbermonkey.co.nz/Kupo-KD-CM16P-Baby-Drop-Ceiling-Adapter-with-5%608-16mm-Stud,,,,,,,,,,,,,,,
Kupo-KS-023,44043,https://www.rubbermonkey.co.nz/Kupo-KS-023-3%608-16-Threaded-Mounting-Plate-with-Baby-5%608-16mm-Stud,,,,,,,,,,,,,,,
Kupo-KS-097,44082,https://www.rubbermonkey.co.nz/Kupo-KS-097-Baby-Ball-Head-Adapter,,,,,,,,,,,,,,,
Kupo-KCP-200,44089,https://www.rubbermonkey.co.nz/Kupo-KCP-200-2-1%602-Grip-Head-With-Big-Handle-Chrome-Plated-Finish,,,,,,,,,,,,,,,
Kupo-KCP-200B,44090,https://www.rubbermonkey.co.nz/Kupo-KCP-200B-2-1%602-Grip-Head-With-Big-Handle-Black-Powder-Coated-Finish,,,,,,,,,,,,,,,
Kupo-350,44099,https://www.rubbermonkey.co.nz/Kupo-350-Runway-Stand-Base,,,,,,,,,,,,,,,
Kupo-SW-01,44114,https://www.rubbermonkey.co.nz/Kupo-SW-01-30-80-cm-Long-Safety-Wire-0-14-3-5mm-Diameter,,,,,,,,,,,,,,,
Kupo-SW-03,44115,https://www.rubbermonkey.co.nz/Kupo-SW-03-105-cm-Long-Safety-Wire-5mm-Diameter,,,,,,,,,,,,,,,
Kupo-KCP-241,44135,https://www.rubbermonkey.co.nz/Kupo-40-Hex-Grip-Arm-with-Big-Handle-Silver,,,,,,,,,,,,,,,
Kupo-KS-017,44156,https://www.rubbermonkey.co.nz/Kupo-KS-017-Universal-5%608-Stud-3%608-16-M-1%604-20-M-Threads,,,,,,,,,,,,,,,
CT-40MKB,44173,https://www.rubbermonkey.co.nz/Kupo-CT-40MKB-101-6cm-Riser-C-Stand-Turtle-Base-Kit-Black-2-96m,,,,,,,,,,,,,,,
Kupo-CT-40MK,44174,https://www.rubbermonkey.co.nz/Kupo-CT-40MK-101-6cm-Riser-C-Stand-Turtle-Base-Kit-Silver-2-96m,,,,,,,,,,,,,,,
Kupo-198AC,44180,https://www.rubbermonkey.co.nz/Kupo-198AC-Universal-Air-Cushioned-Stand-Black-381cm,,,,,,,,,,,,,,,
SH-S-1,44679,https://www.rubbermonkey.co.nz/Peak-Design-Shell-Small-Form-Fitting-Rain-and-Dust-Cover-Black,,,,,,,,,,,,,,,
LP37015,44682,https://www.rubbermonkey.co.nz/Lowepro-Flipside-Trek-BP-350-AW-Backpack-Gray%60Dark-Green,,,,,,,,,,,,,,,
LP37016,44684,https://www.rubbermonkey.co.nz/Lowepro-Flipside-Trek-BP-450-AW-Backpack-Gray%60Dark-Green,,,,,,,,,,,,,,,
LP37055,44686,https://www.rubbermonkey.co.nz/Lowepro-Adventura-CS-20-Camera-Pouch,,,,,,,,,,,,,,,
HC-110,45061,https://www.rubbermonkey.co.nz/Sirui-HC-110-Electronic-Humidity-Control-Cabinet,,,,,,,,,,,,,,,
HC-50,45064,https://www.rubbermonkey.co.nz/Sirui-HC-50-Electronic-Humidity-Control-Cabinet,,,,,,,,,,,,,,,
HC-70,45065,https://www.rubbermonkey.co.nz/Sirui-HC-70-Electronic-Humidity-Control-Cabinet,,,,,,,,,,,,,,,
ET-2004-E20,45066,https://www.rubbermonkey.co.nz/Sirui-ET-2004-Aluminum-Tripod-with-E-20-Ball-Head,,,,,,,,,,,,,,,
MP-20,45076,https://www.rubbermonkey.co.nz/Sirui-MP-20-Quick-Release-Photo-Platform,,,,,,,,,,,,,,,
TY-50X,45466,https://www.rubbermonkey.co.nz/Sirui-TY-50X-Quick-Release-Plate,,,,,,,,,,,,,,,
JB01491,45489,https://www.rubbermonkey.co.nz/Joby-GripTight-ONE-GorillaPod-Stand,,,,,,,,,,,,,,,
735,45562,https://www.rubbermonkey.co.nz/SmallRig-735-Super-Clamp-w%60-1%604-and-3%608-Thread,,,,,,,,,,,,,,,
KOMODOK5,45576,https://www.rubbermonkey.co.nz/iFootage-Komodo-K5-Fluid-Head,,,,,,,,,,,,,,,
A180,45579,https://www.rubbermonkey.co.nz/iFootage-Cobra-2-A180-with-Low-Profile-Monopod,,,,,,,,,,,,,,,
A150S,45580,https://www.rubbermonkey.co.nz/iFootage-Cobra-2-Strike-with-Low-Profile-Monopod,,,,,,,,,,,,,,,
C180,45581,https://www.rubbermonkey.co.nz/iFootage-Cobra-2-C180-with-Low-Profile-Tripod,,,,,,,,,,,,,,,
JB01490,46180,https://www.rubbermonkey.co.nz/Joby-GripTight-ONE-Mount-for-Smartphones-Black%60Charcoal,,,,,,,,,,,,,,,
jb01500,46452,https://www.rubbermonkey.co.nz/Joby-GripTight-PRO-Video-Mount-Black%60Charcoal,,,,,,,,,,,,,,,
JB01501,46454,https://www.rubbermonkey.co.nz/Joby-GripTight-PRO-Video-GP-Stand-Black%60Charcoal,,,,,,,,,,,,,,,
JB01494,46456,https://www.rubbermonkey.co.nz/Joby-GripTight-ONE-GP-Magnetic-Impulse,,,,,,,,,,,,,,,
LCH-DC-FW50,48197,https://www.rubbermonkey.co.nz/Wasabi-Power-Dual-USB-Charger-for-Sony-NP-FW50,,,,,,,,,,,,,,,
CF-BL-3,48216,https://www.rubbermonkey.co.nz/Peak-Design-Cuff-Camera-Wrist-Strap-Charcoal,,,,,,,,,,,,,,,
L-AS-3,48217,https://www.rubbermonkey.co.nz/Peak-Design-Leash-Camera-Strap-Ash,,,,,,,,,,,,,,,
L-BL-3,48218,https://www.rubbermonkey.co.nz/Peak-Design-Leash-Camera-Strap-Charcoal,,,,,,,,,,,,,,,
CF-AS-3,48219,https://www.rubbermonkey.co.nz/Peak-Design-Cuff-Camera-Wrist-Strap-Ash,,,,,,,,,,,,,,,
JB01514,48221,https://www.rubbermonkey.co.nz/Joby-BallHead-5K,,,,,,,,,,,,,,,
JB01492,48222,https://www.rubbermonkey.co.nz/Joby-GripTight-ONE-Micro-Stand-for-Smartphones-Black%60Charcoal,,,,,,,,,,,,,,,
JB01503,48224,https://www.rubbermonkey.co.nz/Joby-GorillaPod-1K-Flexible-Mini-Tripod-with-Ball-Head-Kit,,,,,,,,,,,,,,,
JB01506,48225,https://www.rubbermonkey.co.nz/Joby-GorillaPod-Magnetic-325-Flexible-Mini-Tripod,,,,,,,,,,,,,,,
JB01508,48226,https://www.rubbermonkey.co.nz/Joby-GorillaPod-5K-Flexible-Mini-Tripod-with-Ball-Head-Kit,,,,,,,,,,,,,,,
JB01510,48229,https://www.rubbermonkey.co.nz/Joby-GorillaPod-3K-Flexible-Mini-Tripod,,,,,,,,,,,,,,,
JB01511,48230,https://www.rubbermonkey.co.nz/Joby-GorillaPod-1K-Flexible-Mini-Tripod,,,,,,,,,,,,,,,
SR-2066,48778,https://www.rubbermonkey.co.nz/SmallRig-2066-11-Articulating-Arm,,,,,,,,,,,,,,,
SR-2065,48779,https://www.rubbermonkey.co.nz/SmallRig-2065-7-Articulating-Arm,,,,,,,,,,,,,,,
LP37136,49089,https://www.rubbermonkey.co.nz/Lowepro-M-Trekker-BP150-Backpack-Black,,,,,,,,,,,,,,,
SmartRig II,49516,https://www.rubbermonkey.co.nz/Saramonic-SmartRig-II-XLR-Mic-Guitar-Adapter-with-Phantom-Power-Preamp-for-Smartphones,,,,,,,,,,,,,,,
SR-XLM1,49533,https://www.rubbermonkey.co.nz/Saramonic-SR-XLM1-Omnidirectional-Broadcast-Quality-Lavalier-Microphone-with-3-5mm-TRS-Connector,,,,,,,,,,,,,,,
JB01507,49864,https://www.rubbermonkey.co.nz/Joby-GorillaPod-3K-Flexible-Mini-Tripod-with-Ball-Head-Kit,,,,,,,,,,,,,,,
JB01515,49866,https://www.rubbermonkey.co.nz/Joby-GripTight-GorillaPod-Action-Stand-with-Mount-for-Smartphones-Kit,,,,,,,,,,,,,,,
JB01505,49867,https://www.rubbermonkey.co.nz/Joby-GorillaPod-325-Flexible-Mini-Tripod,,,,,,,,,,,,,,,
JB01504,49868,https://www.rubbermonkey.co.nz/Joby-GorillaPod-Magnetic-Mini-Flexible-Mini-Tripod,,,,,,,,,,,,,,,
LP37119,49874,https://www.rubbermonkey.co.nz/Lowepro-Nova-160-AW-II-Camera-Bag-Black,,,,,,,,,,,,,,,
LP37125,49875,https://www.rubbermonkey.co.nz/Lowepro-Flipside-200-AW-II-Camera-Backpack-Black,,,,,,,,,,,,,,,
LP37131,49878,https://www.rubbermonkey.co.nz/Lowepro-Flipside-500-AW-II-Camera-Backpack-Black,,,,,,,,,,,,,,,
AP-SPACELIGHT,50741,https://www.rubbermonkey.co.nz/Aputure-Space-Light,,,,,,,,,,,,,,,
SR-2070,51728,https://www.rubbermonkey.co.nz/SmallRig-Articulating-Arm-with-Dual-Ball-Heads-1%604-20-Screws,,,,,,,,,,,,,,,
CP-BK-3,51960,https://www.rubbermonkey.co.nz/Peak-Design-Capture-Camera-Clip-v3-Black,,,,,,,,,,,,,,,
CP-S-3,51961,https://www.rubbermonkey.co.nz/Peak-Design-Capture-Camera-Clip-v3-Silver,,,,,,,,,,,,,,,
ZHSMOOTH4,51972,https://www.rubbermonkey.co.nz/Zhiyun-Tech-Smooth-4-Smartphone-Gimbal-Black,,,,,,,,,,,,,,,
AL-F7,52125,https://www.rubbermonkey.co.nz/Aputure-Amaran-AL-F7-On-Camera-LED-Light,,,,,,,,,,,,,,,
AL-MX,52126,https://www.rubbermonkey.co.nz/Aputure-Amaran-AL-MX-Bi-Colour-LED-Mini-Light,,,,,,,,,,,,,,,
JB01533-BWW,52587,https://www.rubbermonkey.co.nz/Joby-GorillaPod-Mobile-Rig,,,,,,,,,,,,,,,
JB01525,52636,https://www.rubbermonkey.co.nz/Joby-GripTight-Pro-2-Mount-Black%60Charcoal,,,,,,,,,,,,,,,
BTR-FZ100-WP,52828,https://www.rubbermonkey.co.nz/Wasabi-Power-Battery-for-Sony-NP-FZ100-and-Sony-A9-A7R-III-A7-III,,,,,,,,,,,,,,,
FZ100-KIT,52991,https://www.rubbermonkey.co.nz/Wasabi-Power-Battery-and-Dual-USB-Charger-for-Sony-FZ-100-2-Pack,,,,,,,,,,,,,,,
LCH-DC-FZ100,52993,https://www.rubbermonkey.co.nz/Wasabi-Power-Dual-USB-Charger-for-Sony-NP-FZ100,,,,,,,,,,,,,,,
BTR-BP511,52997,https://www.rubbermonkey.co.nz/Wasabi-Power-Battery-for-Canon-BP-511-BP-511A-BP-512-BP-514,,,,,,,,,,,,,,,
KIT-BB-LPE12,53006,https://www.rubbermonkey.co.nz/Wasabi-Power-Battery-and-Dual-USB-Charger-for-Canon-LP-E12-2-Pack,,,,,,,,,,,,,,,
SDSQXAF-032G-GN6MA,53062,https://www.rubbermonkey.co.nz/SanDisk-32GB-Extreme-UHS-I-microSDHC-Memory-Card-with-SD-Adapter,,,,,,,,,,,,,,,
PP-2,53155,https://www.rubbermonkey.co.nz/Peak-Design-Pro-Pad,,,,,,,,,,,,,,,
MMXPROA4,53186,https://www.rubbermonkey.co.nz/Manfrotto-XPRO-4-Section-Photo-Monopod-with-Quick-Power-Lock,,,,,,,,,,,,,,,
494RC2,53187,https://www.rubbermonkey.co.nz/Manfrotto-494-Aluminum-Mini-Ball-Head,,,,,,,,,,,,,,,
LP37123,53191,https://www.rubbermonkey.co.nz/Lowepro-Nova-180-AW-II-Camera-Bag-Black,,,,,,,,,,,,,,,
LP37142,53194,https://www.rubbermonkey.co.nz/Lowepro-Nova-200-AW-II-Camera-Bag-Black,,,,,,,,,,,,,,,
LP37159,53195,https://www.rubbermonkey.co.nz/Lowepro-m-Trekker-HP120-Bag-Black-Cordura,,,,,,,,,,,,,,,
LP37160,53210,https://www.rubbermonkey.co.nz/Lowepro-m-Trekker-HP120-Bag-Grey-Canvex,,,,,,,,,,,,,,,
SL-AS-3,53214,https://www.rubbermonkey.co.nz/Peak-Design-SL-AS-3-Slide-Camera-Strap-Ash,,,,,,,,,,,,,,,
SL-BK-3,53215,https://www.rubbermonkey.co.nz/Peak-Design-SL-BK-3-Slide-Camera-Strap-Black,,,,,,,,,,,,,,,
SLL-AS-3,53216,https://www.rubbermonkey.co.nz/Peak-Design-SLL-AS-3-SlideLITE-Camera-Strap-Ash,,,,,,,,,,,,,,,
SLL-BK-3,53217,https://www.rubbermonkey.co.nz/Peak-Design-SLL-BK-3-SlideLITE-Camera-Strap-Black,,,,,,,,,,,,,,,
PL-D-2,53220,https://www.rubbermonkey.co.nz/Peak-Design-Dual-Plate-v2-for-Capture-Camera-Clip,,,,,,,,,,,,,,,
JB01517,53223,https://www.rubbermonkey.co.nz/Joby-GorillaPod-Mobile-Mini-Flexible-Stand-for-Smartphones-Charcoal,,,,,,,,,,,,,,,
JB01534,53224,https://www.rubbermonkey.co.nz/Joby-GripTight-PRO-TelePod,,,,,,,,,,,,,,,
SR-UM10-MC2,53297,https://www.rubbermonkey.co.nz/Saramonic-UwMic9-Replacement-Belt-Clip,,,,,,,,,,,,,,,
SR-PAX1,53306,https://www.rubbermonkey.co.nz/Saramonic-SR-PAX1-2-Channel-Audio-Mixer-with-3-5mm-XLR-6-35mm,,,,,,,,,,,,,,,
AP-LS-C120DII,54445,https://www.rubbermonkey.co.nz/Aputure-Light-Storm-LS-C120d-II-LED-Light-V-Mount,,,,,,,,,,,,,,,
AP-LIGHTDOME2,54453,https://www.rubbermonkey.co.nz/Aputure-Light-Dome-II,,,,,,,,,,,,,,,
AP-LIGHTDOME-MINI2,54454,https://www.rubbermonkey.co.nz/Aputure-Light-Dome-Mini-II,,,,,,,,,,,,,,,
T-005SK+B-00K,55220,https://www.rubbermonkey.co.nz/Sirui-T-005SK-Aluminium-Tripod-With-B-00K-Ball-Head-Black,,,,,,,,,,,,,,,
SR-CS350,55990,https://www.rubbermonkey.co.nz/Saramonic-SR-CS350-3-5mm-Male-Stereo-TRS-to-3-5mm-Male-Stereo-TRS-Output-Connector,,,,,,,,,,,,,,,
SR-Smartrig-plus,55997,https://www.rubbermonkey.co.nz/Saramonic-SmartRig-Di-with-Lightning-Connector-for-iOS-2-Ch-XLR%603-5mm-Microphone-Audio-Mixer,,,,,,,,,,,,,,,
XLavMic-O,56049,https://www.rubbermonkey.co.nz/Saramonic-XLavMic-O-XLR-Phantom-Powered-Lavalier-Microphone,,,,,,,,,,,,,,,
SR-2163,56447,https://www.rubbermonkey.co.nz/SmallRig-2163-Universal-Magic-Arm-with-Small-Ballhead,,,,,,,,,,,,,,,
2172,56456,https://www.rubbermonkey.co.nz/SmallRig-2172-Mini-Quick-Release-NATO-Rail-48mm,,,,,,,,,,,,,,,
BTR-NPW126,56989,https://www.rubbermonkey.co.nz/Wasabi-Power-Battery-for-Fujifilm-NP-W126,,,,,,,,,,,,,,,
LP37141,57701,https://www.rubbermonkey.co.nz/Lowepro-GearUp-Large-Camera-Case-Dark-Grey,,,,,,,,,,,,,,,
LP37139,57702,https://www.rubbermonkey.co.nz/Lowepro-GearUp-Medium-Pouch-Dark-Grey,,,,,,,,,,,,,,,
LP37140,57705,https://www.rubbermonkey.co.nz/Lowepro-GearUp-Wrap-Dark-Grey,,,,,,,,,,,,,,,
EZ Box+ II,58374,https://www.rubbermonkey.co.nz/Aputure-Amaran-EZ-Box-II-Kit,,,,,,,,,,,,,,,
KIT-BB-NPW126,58429,https://www.rubbermonkey.co.nz/Wasabi-Power-Battery-2-Pack-and-Dual-USB-Charger-for-Fujifilm-NP-W126-NP-W126S,,,,,,,,,,,,,,,
BTR-NP95,58443,https://www.rubbermonkey.co.nz/Wasabi-Power-Battery-for-the-Fujifilm-NP-95,,,,,,,,,,,,,,,
AL-MW,58469,https://www.rubbermonkey.co.nz/Aputure-Amaran-AL-MW-Waterproof-LED-Mini-Light,,,,,,,,,,,,,,,
PECL3,58511,https://www.rubbermonkey.co.nz/Peak-Design-CL-3-Clutch-Camera-Hand-Strap,,,,,,,,,,,,,,,
LM-WS,58591,https://www.rubbermonkey.co.nz/Saramonic-LM-WS-Furry-Windscreen-for-Lavalier-Microphones-3-Pack,,,,,,,,,,,,,,,
SR-XLR35,58609,https://www.rubbermonkey.co.nz/Saramonic-SR-XLR35-XLR-Female-to-3-5mm-TRRS-6m-Microphone-Cable-for-Smartphones,,,,,,,,,,,,,,,
SR-UM10-C35XLR,58630,https://www.rubbermonkey.co.nz/Saramonic-SR-UM10-C35XLR-Replacement-Locking-type-3-5mm-to-XLR-Output-Cable,,,,,,,,,,,,,,,
SR-NV5X,58638,https://www.rubbermonkey.co.nz/Saramonic-SR-NV5X-Directional-Cardoid-Condenser-Microphone,,,,,,,,,,,,,,,
Insta360SelfieONEX,58734,https://www.rubbermonkey.co.nz/Insta360-Invisible-Selfie-Stick-for-ONE-X%60ONE-R%60EVO-120cm,,,,,,,,,,,,,,,
Insta360BatteryONEX,58737,https://www.rubbermonkey.co.nz/Insta360-Battery-for-ONE-X,,,,,,,,,,,,,,,
AP-BARNDOOR,58787,https://www.rubbermonkey.co.nz/Aputure-Barndoors-Grid-and-Gel-Holder-for-LS-120d%60II-and-LS-300d%60II-LED-Lights,,,,,,,,,,,,,,,
Kupo-KSD-1680S,58811,https://www.rubbermonkey.co.nz/Kupo-KSD-1680L-16kg-Empty-Refillable-Sandbag,,,,,,,,,,,,,,,
LP37177,58936,https://www.rubbermonkey.co.nz/Lowepro-ProTactic-BP-450-AW-II-Camera-and-Laptop-Backpack-Black,,,,,,,,,,,,,,,
AP-FRESNEL2X,59007,https://www.rubbermonkey.co.nz/Aputure-Fresnel-2X-Lens-Mount,,,,,,,,,,,,,,,
JB01549,59031,https://www.rubbermonkey.co.nz/Joby-TelePod-325-Selfie-Stick-and-Telescoping-Tripod,,,,,,,,,,,,,,,
JB01550,59032,https://www.rubbermonkey.co.nz/Joby-TelePod-Mobile-All-in-one-Phone-Tripod,,,,,,,,,,,,,,,
JB01551,59033,https://www.rubbermonkey.co.nz/Joby-GripTight-PRO-2-GorillaPod-Phone-Tripod,,,,,,,,,,,,,,,
SDSDXXY-256G-GN4IN,59106,https://www.rubbermonkey.co.nz/SanDisk-256GB-Extreme-PRO-UHS-I-SDXC-Memory-Card,,,,,,,,,,,,,,,
LP37176,59112,https://www.rubbermonkey.co.nz/Lowepro-ProTactic-BP-350-AW-II-Mirrorless-Camera-and-Laptop-Backpack-Black,,,,,,,,,,,,,,,
LP37227,59186,https://www.rubbermonkey.co.nz/Lowepro-Whistler-BP-450-AW-II-Backpack-Grey,,,,,,,,,,,,,,,
2058,59531,https://www.rubbermonkey.co.nz/SmallRig-2058-Super-Clamp-with-1%604-and-3%608-Thread-2pcs-Pack,,,,,,,,,,,,,,,
SDSDXXY-064G-GN4IN,59560,https://www.rubbermonkey.co.nz/SanDisk-64GB-Extreme-PRO-UHS-I-SDXC-Memory-Card,,,,,,,,,,,,,,,
SDSDXXY-128G-GN4IN,59561,https://www.rubbermonkey.co.nz/SanDisk-128GB-Extreme-PRO-UHS-I-SDXC-Memory-Card,,,,,,,,,,,,,,,
SR-974,59567,https://www.rubbermonkey.co.nz/Smallrig-974-Camera-Fixing-Screw,,,,,,,,,,,,,,,
AAW2285,59570,https://www.rubbermonkey.co.nz/SmallRig-2285-Counterweight-200g-for-DJI-Ronin-S-and-Zhiyun-Gimbal-Stabilizer,,,,,,,,,,,,,,,
SDSQXA1-128G-GN6MA,59594,https://www.rubbermonkey.co.nz/SanDisk-128GB-Extreme-UHS-I-microSDXC-Action-Cam-Memory-Card-with-SD-Adapter,,,,,,,,,,,,,,,
SDSQXA1-256G-GN6MA,59595,https://www.rubbermonkey.co.nz/SanDisk-256GB-Extreme-UHS-I-microSDXC-Memory-Card-with-SD-Adapter,,,,,,,,,,,,,,,
SDSDXVF-128G-GNCIN,59612,https://www.rubbermonkey.co.nz/SanDisk-128GB-Extreme-UHS-I-SDXC-Memory-Card-Class-10,,,,,,,,,,,,,,,
SDSDXVE-064G-GNCIN,59614,https://www.rubbermonkey.co.nz/SanDisk-64GB-Extreme-UHS-I-SDXC-Memory-Card-with-Read-Speed-of-150-MB%60s,,,,,,,,,,,,,,,
4PK-AN-4,59932,https://www.rubbermonkey.co.nz/Peak-Design-4PK-AN-4-Anchor-Connectors-for-Peak-Design-Straps-4-Pack,,,,,,,,,,,,,,,
BCC-S-BK-1,60008,https://www.rubbermonkey.co.nz/Peak-Design-Travel-Camera-Cube-Small,,,,,,,,,,,,,,,
PKAL-4,60478,https://www.rubbermonkey.co.nz/Peak-Design-Anchor-Links-Quick-Connection-System-V4,,,,,,,,,,,,,,,
LP37166,60483,https://www.rubbermonkey.co.nz/Lowepro-Hardside-CS-60-Camera-Case,,,,,,,,,,,,,,,
LP37167,60484,https://www.rubbermonkey.co.nz/Lowepro-Hardside-CS-80-Camera-Case,,,,,,,,,,,,,,,
MVK500190XV,60503,https://www.rubbermonkey.co.nz/Manfrotto-500-Fluid-Video-Head-with-190X-Video-Aluminum-Tripod-Leveling-Column-Kit,,,,,,,,,,,,,,,
JB01566,61094,https://www.rubbermonkey.co.nz/Joby-GorillaPod-3K-Pro-Kit,,,,,,,,,,,,,,,
IF-COBRA2-QR,61185,https://www.rubbermonkey.co.nz/iFootage-Cobra-2-Quick-Release-Plate,,,,,,,,,,,,,,,
IF-TC7,61197,https://www.rubbermonkey.co.nz/iFootage-Gazelle-Tripod-TC7-FastBowl,,,,,,,,,,,,,,,
BSE2346,61421,https://www.rubbermonkey.co.nz/SmallRig-Swivel-and-Tilt-Monitor-Mount-with-Cold-Shoe,,,,,,,,,,,,,,,
AP-LS-S-MIC2,61841,https://www.rubbermonkey.co.nz/Deity-Microphones-S-MIC-2-Shotgun-Microphone,,,,,,,,,,,,,,,
AP-LS-S-MIC2KIT,61842,https://www.rubbermonkey.co.nz/Deity-Microphones-S-MIC-2-Shotgun-Microphone-and-Location-Kit,,,,,,,,,,,,,,,
DEITY-CONNECT,61843,https://www.rubbermonkey.co.nz/Deity-Connect-Dual-Channel-Wireless-System-2-4-GHz,,,,,,,,,,,,,,,
IF-RAY-E1,61904,https://www.rubbermonkey.co.nz/iFootage-Electric-Ray-E1-USB-Power-Converter-Black,,,,,,,,,,,,,,,
IF-RAY-E1-FW50,61904,https://www.rubbermonkey.co.nz/iFootage-Electric-Ray-E1-USB-Power-Converter-Black,,,,,,,,,,,,,,,
Insta360tripod,61967,https://www.rubbermonkey.co.nz/Insta360-All-Purpose-Tripod-for-ONE-X-EVO,,,,,,,,,,,,,,,
Insta360ExtendSelfie,61968,https://www.rubbermonkey.co.nz/Insta360-Extended-Selfie-Stick-for-ONE-X,,,,,,,,,,,,,,,
AP-300DII,61980,https://www.rubbermonkey.co.nz/Aputure-Light-Storm-C300d-Mark-II-LED-Light-Kit-with-V-Mount-Battery-Plate,,,,,,,,,,,,,,,
DEITY-VLAV,62015,https://www.rubbermonkey.co.nz/Deity-V-LAV-Lapel-Microphone,,,,,,,,,,,,,,,
Lavalier mic,62017,https://www.rubbermonkey.co.nz/Deity-Microphones-W-Lav-DA35-Lavalier-Microphone-Bundle,,,,,,,,,,,,,,,
Microdot Adapters Locking 3.5mm TRS,62018,https://www.rubbermonkey.co.nz/Deity-DA35-Microdot-to-Locking-3-5mm-Adapter,,,,,,,,,,,,,,,
DEITY-DXLR35,62019,https://www.rubbermonkey.co.nz/Deity-D-XLR-3-5mm-TRS%60TRRS-to-3-pin-XLR,,,,,,,,,,,,,,,
V-MICD3Pro-Kit,62022,https://www.rubbermonkey.co.nz/Deity-V-Mic-D3-Pro-Location-Kit,,,,,,,,,,,,,,,
V-MICD3LOC-Kit,62022,https://www.rubbermonkey.co.nz/Deity-V-Mic-D3-Pro-Location-Kit,,,,,,,,,,,,,,,
V-MICD3,62023,https://www.rubbermonkey.co.nz/Deity-V-Mic-D3-Video-Microphone,,,,,,,,,,,,,,,
AP-LANTERN,62205,https://www.rubbermonkey.co.nz/Aputure-Lantern-Softbox-for-Bowens-Mount,,,,,,,,,,,,,,,
CR106,62245,https://www.rubbermonkey.co.nz/Zhiyun-Tech-CRANE-M2-3-Axis-Handheld-Gimbal-Stabilizer,,,,,,,,,,,,,,,
Kupo-KAB-41K,62449,https://www.rubbermonkey.co.nz/Kupo-4-In-1-Nesting-Apple-Box-Set,,,,,,,,,,,,,,,
LP37270-PWW,63032,https://www.rubbermonkey.co.nz/Lowepro-Pro-Trekker-BP-550-AW-II-Backpack-Black,,,,,,,,,,,,,,,
ZhiyunWeebillS,63137,https://www.rubbermonkey.co.nz/Zhiyun-Tech-Weebill-S-Handheld-Gimbal-Stabilizer,,,,,,,,,,,,,,,
AL-MC,63169,https://www.rubbermonkey.co.nz/Aputure-Amaran-AL-MC-On-Camera-RGB-LED-Light,,,,,,,,,,,,,,,
BLINK500B1,63242,https://www.rubbermonkey.co.nz/Saramonic-Blink-500-B1-Wireless-Omni-Lavalier-Microphone-System,,,,,,,,,,,,,,,
BLINK500B2,63243,https://www.rubbermonkey.co.nz/Saramonic-Blink-500-B2-Wireless-Omni-Lavalier-Microphone-System,,,,,,,,,,,,,,,
T-004SK+B-00K,63289,https://www.rubbermonkey.co.nz/Sirui-T-004SK-Aluminum-Tripod-with-B-00-Ball-Head-Black,,,,,,,,,,,,,,,
44896,63414,https://www.rubbermonkey.co.nz/Nanlite-Forza-60-LED-Monolight,,,,,,,,,,,,,,,
NL-12-2023,63415,https://www.rubbermonkey.co.nz/Nanlite-Halo-14-Bi-Color-Ring-Light-Mirror-Kit,,,,,,,,,,,,,,,
12-20241,63420,https://www.rubbermonkey.co.nz/Nanlite-Halo-16-Ring-Light-Bi-Color-Case-Kit,,,,,,,,,,,,,,,
12-20251,63423,https://www.rubbermonkey.co.nz/Nanlite-Halo-18-Bi-Color-Ring-Light-Kit,,,,,,,,,,,,,,,
NL-12-2027,63428,https://www.rubbermonkey.co.nz/Nanlite-Halo-19-Daylight-19-LED-Ring-Light-with-Cloth-Diffuser,,,,,,,,,,,,,,,
15-2008-2KIT,63435,https://www.rubbermonkey.co.nz/Nanlite-PavoTube-30C-4-RGBW-LED-Tube-with-Internal-Battery-2-Light-Kit,,,,,,,,,,,,,,,
15-2009-1KIT,63436,https://www.rubbermonkey.co.nz/Nanlite-PavoTube-15C-2-RGBW-LED-Tube-with-Internal-Battery,,,,,,,,,,,,,,,
15-2009-2KIT,63437,https://www.rubbermonkey.co.nz/Nanlite-PavoTube-15C-2-RGBW-LED-Tube-with-Internal-Battery-2-Light-Kit,,,,,,,,,,,,,,,
BH-FZ60,63447,https://www.rubbermonkey.co.nz/Nanlite-Forza-60-Battery-Grip,,,,,,,,,,,,,,,
SB-FZ60,63450,https://www.rubbermonkey.co.nz/Nanlite-Forza-60-Softbox,,,,,,,,,,,,,,,
SB-ST-140X30,63454,https://www.rubbermonkey.co.nz/Nanlite-Stripbank-Softbox-with-Bowens-Mount-12-x-55,,,,,,,,,,,,,,,
Insta360cableios,63553,https://www.rubbermonkey.co.nz/Insta360-ONE-X-Transfer-Cable-iOS,,,,,,,,,,,,,,,
BEDS-6-AS-2,63729,https://www.rubbermonkey.co.nz/Peak-Design-Everyday-Sling-v2-6L-Ash,,,,,,,,,,,,,,,
BEDS-6-BK-2,63733,https://www.rubbermonkey.co.nz/Peak-Design-Everyday-Sling-v2-6L-Black,,,,,,,,,,,,,,,
BEDS-3-AS-2,63735,https://www.rubbermonkey.co.nz/Peak-Design-Everyday-Sling-v2-3L-Ash,,,,,,,,,,,,,,,
BEDS-3-BK-2,63736,https://www.rubbermonkey.co.nz/Peak-Design-Everyday-Sling-v2-3L-Black,,,,,,,,,,,,,,,
MF5002BL,63909,https://www.rubbermonkey.co.nz/Manfrotto-5002BL-Nano-Plus-Stand-6-5,,,,,,,,,,,,,,,
MLH1HS-2,63922,https://www.rubbermonkey.co.nz/Manfrotto-Cold-Shoe-Tilt-Head,,,,,,,,,,,,,,,
SDCFE-064G-GN4IN,63953,https://www.rubbermonkey.co.nz/SanDisk-64GB-Extreme-PRO-CFexpress-Card-Type-B,,,,,,,,,,,,,,,
SDCFE-256G-GN4NN,63956,https://www.rubbermonkey.co.nz/SanDisk-256GB-Extreme-PRO-CFexpress-Card-Type-B,,,,,,,,,,,,,,,
SDCFE-512G-GN4NN,63958,https://www.rubbermonkey.co.nz/SanDisk-512GB-Extreme-PRO-CFexpress-Card-Type-B,,,,,,,,,,,,,,,
CINAKGP/A,64085,https://www.rubbermonkey.co.nz/Insta360-ONE-R-Twin-Edition,,,,,,,,,,,,,,,
CINAKGP/B,64086,https://www.rubbermonkey.co.nz/Insta360-ONE-R-1-Inch-Edition,,,,,,,,,,,,,,,
CINAKGP/C,64360,https://www.rubbermonkey.co.nz/Insta360-ONE-R-4K-Edition,,,,,,,,,,,,,,,
ONER1-InchLensWideangleMod,65265,https://www.rubbermonkey.co.nz/Insta360-ONE-R-1-Inch-Lens-Wide-Angle-Mod,,,,,,,,,,,,,,,
INSTA360BATTERYONER,65868,https://www.rubbermonkey.co.nz/Insta360-ONE-R-Battery-Base,,,,,,,,,,,,,,,
BLINK500B3,70041,https://www.rubbermonkey.co.nz/Saramonic-Blink-500-B3-Digital-Wireless-Omni-Lavalier-Microphone-System-iOS,,,,,,,,,,,,,,,
BLINK500B4,70042,https://www.rubbermonkey.co.nz/Saramonic-Blink-500-B4-2-Person-Digital-Wireless-Omni-Lavalier-Microphone-System-iOS,,,,,,,,,,,,,,,
BLINK500TX,70052,https://www.rubbermonkey.co.nz/Saramonic-Blink-500-TX-Clip-On-Digital-Bodypack-Wireless-Transmitter,,,,,,,,,,,,,,,
MKBFRA4GTXP-BH,70068,https://www.rubbermonkey.co.nz/Manfrotto-Befree-GT-XPRO-Aluminum-Travel-Tripod-with-496-Center-Ball-Head,,,,,,,,,,,,,,,
SR-ULM10L,70086,https://www.rubbermonkey.co.nz/Saramonic-SR-ULM1Compact-Clip-On-Lav-Mic-with-USB-A-Connector-for-Mac%60Windows-Computers,,,,,,,,,,,,,,,
SR-UwMic9-TX-XLR9,70110,https://www.rubbermonkey.co.nz/Saramonic-UWMIC9-TX-XLR9-UHF-Wireless-Microphone-Transmitter,,,,,,,,,,,,,,,
KIT-BB-NPF550,70737,https://www.rubbermonkey.co.nz/Wasabi-Power-Battery-2-pack-and-Dual-Charger-for-Sony-NP-F550,,,,,,,,,,,,,,,
KIT-BB-NPF750,70769,https://www.rubbermonkey.co.nz/Wasabi-Power-Battery-2-pack-and-Dual-Charger-for-NP-F730-NP-F750-NP-F760-NP-F770-L-SERIES,,,,,,,,,,,,,,,
EX1D03,71949,https://www.rubbermonkey.co.nz/Zhiyun-TransMount-Quick-Setup-Kit,,,,,,,,,,,,,,,
ZY-CR107PRO,72106,https://www.rubbermonkey.co.nz/Zhiyun-Tech-CRANE-3S-PRO-Handheld-Stabilizer,,,,,,,,,,,,,,,
ZY-CR107,72107,https://www.rubbermonkey.co.nz/Zhiyun-Tech-CRANE-3S-Handheld-Stabilizer,,,,,,,,,,,,,,,
AP-MC4K,72273,https://www.rubbermonkey.co.nz/Aputure-MC-4-Light-Travel-Kit-with-Charging-Case,,,,,,,,,,,,,,,
TT-CB-5-150-CF-1,72522,https://www.rubbermonkey.co.nz/Peak-Design-Carbon-Fiber-Travel-Tripod,,,,,,,,,,,,,,,
TT-CB-5-150-AL-1,72523,https://www.rubbermonkey.co.nz/Peak-Design-Aluminum-Travel-Tripod,,,,,,,,,,,,,,,
ap-ls-300v,72590,https://www.rubbermonkey.co.nz/Aputure-Light-Storm-LS300X-LED-Light-Kit-with-V-Mount-Battery-Plate,,,,,,,,,,,,,,,
INSTA360MOUNTONER,72591,https://www.rubbermonkey.co.nz/Insta360-ONE-R-Mounting-Bracket,,,,,,,,,,,,,,,
Insta360DiveONER,72594,https://www.rubbermonkey.co.nz/Insta360-Dive-Case-for-ONE-R-4K-Edition,,,,,,,,,,,,,,,
INSTA360CHARGEONER,72601,https://www.rubbermonkey.co.nz/Insta360-ONE-R-Fast-Charge-Hub,,,,,,,,,,,,,,,
ZhiyunWeebillS+FF+WirelessVT+Headphonemount,72617,https://www.rubbermonkey.co.nz/Zhiyun-Tech-Weebill-S-Image-Transmission-Pro-Package,,,,,,,,,,,,,,,
LS60D,72671,https://www.rubbermonkey.co.nz/Aputure-Light-Storm-LS-60d-Daylight-LED-Light,,,,,,,,,,,,,,,
LS60X,72672,https://www.rubbermonkey.co.nz/Aputure-Light-Storm-LS-60x-Bi-Colour-LED-Light,,,,,,,,,,,,,,,
ZHIYUN-SM108W,72776,https://www.rubbermonkey.co.nz/Zhiyun-Tech-SMOOTH-X-Smartphone-Gimbal-White,,,,,,,,,,,,,,,
ZHIYUN-SM108,72777,https://www.rubbermonkey.co.nz/Zhiyun-Tech-SMOOTH-X-Smartphone-Gimbal-Grey,,,,,,,,,,,,,,,
ZHIYUN-SM108PACK,72796,https://www.rubbermonkey.co.nz/Zhiyun-Tech-SMOOTH-X-Smartphone-Gimbal-Combo-Kit-Grey,,,,,,,,,,,,,,,
ZHIYUN-SM108PACKW,72797,https://www.rubbermonkey.co.nz/Zhiyun-Tech-SMOOTH-X-Smartphone-Gimbal-Combo-Kit-White,,,,,,,,,,,,,,,
W.lavPro(DA35),72798,https://www.rubbermonkey.co.nz/Deity-Microphones-W-Lav-Pro-with-DA35-Adapter-for-Sennheiser,,,,,,,,,,,,,,,
W.lavMicro(DA35),72876,https://www.rubbermonkey.co.nz/Deity-W-Lav-Micro-with-DA35-Adapter-for-Sennheiser,,,,,,,,,,,,,,,
PL-S-3,72888,https://www.rubbermonkey.co.nz/Peak-Design-PL-S-3-Standard-Plate,,,,,,,,,,,,,,,
ZhiyunWeebillS+FF,72911,https://www.rubbermonkey.co.nz/Zhiyun-Weebill-S-Camera-Gimbal-with-Follow-Focus,,,,,,,,,,,,,,,
ap-nova300k,73373,https://www.rubbermonkey.co.nz/Aputure-NOVA-P300c-RGBWW-LED-Panel-with-Rolling-Case-Kit,,,,,,,,,,,,,,,
LP37331,74299,https://www.rubbermonkey.co.nz/Lowepro-Fastpack-Pro-BP-250-AW-III-Camera-and-Laptop-Backpack-Grey,,,,,,,,,,,,,,,
2999,74974,https://www.rubbermonkey.co.nz/SmallRig-Original-Camera-Cage-for-Sony-a7S-III,,,,,,,,,,,,,,,
SR-2905,75120,https://www.rubbermonkey.co.nz/SmallRig-Swivel-and-Tilt-Adjustable-Monitor-Mount-with-Cold-Shoe-Mount,,,,,,,,,,,,,,,
SR-M1,75233,https://www.rubbermonkey.co.nz/Saramonic-SR-M1-Omnidirectional-Lavalier-Microphone-Cable-with-3-5mm-TRS-Connector,,,,,,,,,,,,,,,
SR-UwMic9-TX9,75244,https://www.rubbermonkey.co.nz/Saramonic-UwMic9-TX9-V2-Bodypack-Transmitter-And-Clip-On-Microphone,,,,,,,,,,,,,,,
TC6S,75296,https://www.rubbermonkey.co.nz/iFootage-Gazelle-TC6S-Uprise-Tripod-Carbon-Fibre,,,,,,,,,,,,,,,
TA6S,75296,https://www.rubbermonkey.co.nz/iFootage-Gazelle-TC6S-Uprise-Tripod-Carbon-Fibre,,,,,,,,,,,,,,,
TC5S,75296,https://www.rubbermonkey.co.nz/iFootage-Gazelle-TC6S-Uprise-Tripod-Carbon-Fibre,,,,,,,,,,,,,,,
C020113INT,76909,https://www.rubbermonkey.co.nz/Zhiyun-Tech-CRANE-2S-Handheld-Gimbal-Stabilizer,,,,,,,,,,,,,,,
ACCENTB7C,77382,https://www.rubbermonkey.co.nz/Aputure-Accent-B7C-RGBWW-Colour-Mixing-LED-Light-Bulb,,,,,,,,,,,,,,,
401000061,77808,https://www.rubbermonkey.co.nz/iFootage-Cobra-2-C150-II-Carbon-Fiber-Monopod,,,,,,,,,,,,,,,
Blink500 Pro B1,78099,https://www.rubbermonkey.co.nz/Saramonic-Blink500-Pro-B1-Wireless-Microphone-System-Black,,,,,,,,,,,,,,,
Blink500 Pro B2,78100,https://www.rubbermonkey.co.nz/Saramonic-Blink500-Pro-B2-Wireless-Microphone-System-Black,,,,,,,,,,,,,,,
MVH504XAH,78257,https://www.rubbermonkey.co.nz/Manfrotto-504X-Fluid-Video-Head-With-Flat-Base,,,,,,,,,,,,,,,
MKELMII4BK-BH,78298,https://www.rubbermonkey.co.nz/Manfrotto-MBAG70N-Unpadded-Tripod-Bag,,,,,,,,,,,,,,,
MKELMII4RD-BH,78303,https://www.rubbermonkey.co.nz/Manfrotto-Element-MII-Aluminium-Red,,,,,,,,,,,,,,,
MMELMIIA5RD,78319,https://www.rubbermonkey.co.nz/Manfrotto-Element-MII-Monopod-Red,,,,,,,,,,,,,,,
AP-P300CSBOX,78504,https://www.rubbermonkey.co.nz/Aputure-Nova-P300c-Soft-Box,,,,,,,,,,,,,,,
15-2018,78578,https://www.rubbermonkey.co.nz/Nanlite-LitoLite-5C-RGBWW-Mini-LED-Panel,,,,,,,,,,,,,,,
3026,79092,https://www.rubbermonkey.co.nz/SmallRig-Ronin-S-And-Ronin-SC-Discover-Monitor-Mount,,,,,,,,,,,,,,,
SR-2976,79166,https://www.rubbermonkey.co.nz/SmallRig-L-Bracket-for-Canon-EOS-R5-and-R6,,,,,,,,,,,,,,,
INSTA360-ONEX2,79463,https://www.rubbermonkey.co.nz/Insta360-ONE-X2,,,,,,,,,,,,,,,
SDDR-399-G46,79514,https://www.rubbermonkey.co.nz/SanDisk-Extreme-PRO-SD-UHS-II-Reader%60Writer,,,,,,,,,,,,,,,
SDSQXCZ-256G-GN6MA,79541,https://www.rubbermonkey.co.nz/SanDisk-256GB-Extreme-PRO-UHS-I-microSDXC-Memory-Card-U3-Class-10,,,,,,,,,,,,,,,
CINX2CBA,79776,https://www.rubbermonkey.co.nz/Insta360-Fast-Charging-Hub-for-ONE-X2,,,,,,,,,,,,,,,
CINX2CBE,79777,https://www.rubbermonkey.co.nz/Insta360-Lens-Guard-for-ONE-X2,,,,,,,,,,,,,,,
CINX2CBC,79778,https://www.rubbermonkey.co.nz/Insta360-Bullet-Time-Cord-for-ONE-X2,,,,,,,,,,,,,,,
CINX2CBD,79779,https://www.rubbermonkey.co.nz/Insta360-Carry-Case-for-ONE-X2,,,,,,,,,,,,,,,
CINX2CBB,79781,https://www.rubbermonkey.co.nz/Insta360-Dive-Case-for-ONE-X2,,,,,,,,,,,,,,,
CINX2CBF,79782,https://www.rubbermonkey.co.nz/Insta360-Lens-Cap-for-ONE-X2,,,,,,,,,,,,,,,
SDCFE-128G-GN4NN,81676,https://www.rubbermonkey.co.nz/SanDisk-128GB-Extreme-PRO-CFexpress-Card-Type-B,,,,,,,,,,,,,,,
ALS600DPROV,81692,https://www.rubbermonkey.co.nz/Aputure-LS-600d-Pro-Light-Storm-Daylight-LED-Light-V-Mount,,,,,,,,,,,,,,,
F10-BARNDOORS,81696,https://www.rubbermonkey.co.nz/Aputure-F10-Barndoors-for-LS-600d-Fresnel-Attachment,,,,,,,,,,,,,,,
F10-FRENSEL,81697,https://www.rubbermonkey.co.nz/Aputure-F10-Fresnel-Attachment-for-LS-600d-LED-Light,,,,,,,,,,,,,,,
BTP-CH-2,82037,https://www.rubbermonkey.co.nz/Peak-Design-Travel-Tech-2L-Pouch-Charcoal,,,,,,,,,,,,,,,
MS-01K,82162,https://www.rubbermonkey.co.nz/Sirui-MS-01K-Umbrella-Mobile-Tripod,,,,,,,,,,,,,,,
AP-AMARAN200D,82240,https://www.rubbermonkey.co.nz/Aputure-Amaran-100D-LED-Light,,,,,,,,,,,,,,,
AP-AMARAN100D,82241,https://www.rubbermonkey.co.nz/Aputure-Amaran-100D-LED-Light,,,,,,,,,,,,,,,
SH15,82290,https://www.rubbermonkey.co.nz/Sirui-SH15-Aluminium-Video-Tripod-with-Fluid-Head,,,,,,,,,,,,,,,
SH25,82291,https://www.rubbermonkey.co.nz/Sirui-SH25-Aluminium-Video-Tripod-with-Fluid-Head,,,,,,,,,,,,,,,
SIRUI-CPL58A,82292,https://www.rubbermonkey.co.nz/Sirui-58mm-Ultra-Slim-S-Pro-Nano-MC-Circular-Polarizer-Filter-Aluminium-Filter-Ring,,,,,,,,,,,,,,,
SIRUI-CPL67A,82293,https://www.rubbermonkey.co.nz/Sirui-67mm-Ultra-Slim-S-Pro-Nano-MC-Circular-Polarizer-Filter-Aluminium-Filter-Ring,,,,,,,,,,,,,,,
VHD-2004+VH10,82331,https://www.rubbermonkey.co.nz/Sirui-VHD-2004-Photo%60Video-Tripod-with-VH-10-Fluid-Ball-Head,,,,,,,,,,,,,,,
AM-223+B-00K,82355,https://www.rubbermonkey.co.nz/Sirui-AM-223-Carbon-Fibre-Mini-Tripod-with-B-00K-Ball-Head,,,,,,,,,,,,,,,
B-00K,82379,https://www.rubbermonkey.co.nz/Sirui-B-00K-Ball-Head,,,,,,,,,,,,,,,
SIRUI-UV405A,82430,https://www.rubbermonkey.co.nz/Sirui-Ultra-Slim-S-Pro-Nano-MC-UV-Filter-40-5mm,,,,,,,,,,,,,,,
SIRUI-UV58A,82436,https://www.rubbermonkey.co.nz/Sirui-Ultra-Slim-S-Pro-Nano-MC-UV-Filter-58mm,,,,,,,,,,,,,,,
SIRUI-UV62A,82437,https://www.rubbermonkey.co.nz/Sirui-Ultra-Slim-S-Pro-Nano-MC-UV-Filter-62mm,,,,,,,,,,,,,,,
SIRUI-UV67A,82439,https://www.rubbermonkey.co.nz/Sirui-Ultra-Slim-S-Pro-Nano-MC-UV-Filter-67mm,,,,,,,,,,,,,,,
SIRUI-UV72A,82440,https://www.rubbermonkey.co.nz/Sirui-Ultra-Slim-S-Pro-Nano-MC-UV-Filter-72mm,,,,,,,,,,,,,,,
SIRUI-UV82A,82442,https://www.rubbermonkey.co.nz/Sirui-Ultra-Slim-S-Pro-Nano-MC-UV-Filter-82mm,,,,,,,,,,,,,,,
Traveler-5A,82447,https://www.rubbermonkey.co.nz/Sirui-Traveler-5A-Aluminium-Tripod,,,,,,,,,,,,,,,
Traveler-5C,82448,https://www.rubbermonkey.co.nz/Sirui-Traveler-5C-Carbon-Fibre-Tripod,,,,,,,,,,,,,,,
Traveler-7A,82449,https://www.rubbermonkey.co.nz/Sirui-Traveler-7A-Aluminum-Tripod,,,,,,,,,,,,,,,
Traveler-7C,82450,https://www.rubbermonkey.co.nz/Sirui-Traveler-7C-Carbon-Fibre-Tripod,,,,,,,,,,,,,,,
LP37347,82732,https://www.rubbermonkey.co.nz/Lowepro-GearUp-Creator-Box-Medium-II-Grey,,,,,,,,,,,,,,,
2660,83247,https://www.rubbermonkey.co.nz/SmallRig-2660-Lightweight-Carbon-Fibre-Matte-Box,,,,,,,,,,,,,,,
AAM100XAU,83281,https://www.rubbermonkey.co.nz/Aputure-Amaran-100x-Bi-Color-LED-Light,,,,,,,,,,,,,,,
AAM200XAU,83282,https://www.rubbermonkey.co.nz/Aputure-Amaran-200x-Bi-Color-LED-Light,,,,,,,,,,,,,,,
Blink500PROHM,83283,ndheld-Transmitter-Holder-with-Charger-for-Blink500-Pro,,,,,,,,,,,,,,,
FS-150,83531,https://www.rubbermonkey.co.nz/Nanlite-FS-150-AC-LED-Monolight,,,,,,,,,,,,,,,
HD-T12-1-LA,83536,https://www.rubbermonkey.co.nz/Nanlite-Pavotube-Single-T12-LED-Tube-Holder-with-5%608-Receiver,,,,,,,,,,,,,,,
SDSQXCY-128G-GN6MA,84411,https://www.rubbermonkey.co.nz/SanDisk-128GB-Extreme-Pro-UHS-I-microSDXC-Memory-Card,,,,,,,,,,,,,,,
SDDR-F451-GNGNN,84416,https://www.rubbermonkey.co.nz/SanDisk-Extreme-PRO-CFexpress-Type-B-Card-Reader,,,,,,,,,,,,,,,
V-Link,84703,https://www.rubbermonkey.co.nz/Deity-Microphones-V-Link-Cable,,,,,,,,,,,,,,,
AMOLIGHTDOMESE,84909,https://www.rubbermonkey.co.nz/Aputure-Light-Dome-SE,,,,,,,,,,,,,,,
3010,86418,https://www.rubbermonkey.co.nz/SmallRig-Mini-Follow-Focus,,,,,,,,,,,,,,,
LP37352,86618,https://www.rubbermonkey.co.nz/Lowepro-Flipside-400-AW-III-Camera-Backpack-Black,,,,,,,,,,,,,,,
DE-CDK,86799,https://www.rubbermonkey.co.nz/Deity-Microphones-Connect-Deluxe-Kit-2-Person-Wireless-Lavalier-Microphone-System,,,,,,,,,,,,,,,
DEITY-BPTRX,86803,https://www.rubbermonkey.co.nz/Deity-Microphones-BP-TRX-Compact-Microphone-Recorder-and-Wireless-Transceiver-with-Timecode-I%60O,,,,,,,,,,,,,,,
DE-TMCK,86936,https://www.rubbermonkey.co.nz/Deity-Microphones-Connect-Timecode-Kit-Camera-Mount-Wireless-Omni-Lavalier-Microphone-System,,,,,,,,,,,,,,,
DEITY-D4DUO,87053,https://www.rubbermonkey.co.nz/Deity-V-Mic-D4-DUO-Dual-Capsule-On-Camera-Video-Microphone,,,,,,,,,,,,,,,
Microdot Adapters TA5F,87060,https://www.rubbermonkey.co.nz/Deity-Microphones-DA5S-Microdot-to-TA5F-Adapter,,,,,,,,,,,,,,,
DTA0141D50,87064,https://www.rubbermonkey.co.nz/Deity-Microphones-Deity-Connect-Interview-Kit-2-Person-Wireless-Combo-Microphone-System-2-4-GHz,,,,,,,,,,,,,,,
S-Mic2s,87066,https://www.rubbermonkey.co.nz/Deity-Microphones-S-Mic-2S-Moisture-Resistant-Short-Shotgun-Microphone,,,,,,,,,,,,,,,
Deity Smart Cable,87068,https://www.rubbermonkey.co.nz/Deity-TRS-to-TRRS-Smart-Cable,,,,,,,,,,,,,,,
SDSDXPK-128G-GN4IN,87171,https://www.rubbermonkey.co.nz/SanDisk-128GB-Extreme-PRO-UHS-II-SDXC-Memory-Card,,,,,,,,,,,,,,,
KOMODOK7,87567,https://www.rubbermonkey.co.nz/iFootage-Komodo-K7-Fluid-Head,,,,,,,,,,,,,,,
WEEBILL2,88294,https://www.rubbermonkey.co.nz/Zhiyun-Tech-Weebill-2-3-Axis-Gimbal-Stabilizer-with-Rotating-Touchscreen,,,,,,,,,,,,,,,
WEEBILL2 Combo,88297,https://www.rubbermonkey.co.nz/Zhiyun-Tech-Weebill-2-Combo-Kit-with-Sling-Grip-Handle-Fabric-Case,,,,,,,,,,,,,,,
WEEBILL2 Pro,88301,https://www.rubbermonkey.co.nz/Zhiyun-Tech-Weebill-2-Pro-Kit-with-Transmitter-Servo-Sling-Grip-Fabric-Case,,,,,,,,,,,,,,,
SL-MN-3,88644,https://www.rubbermonkey.co.nz/Peak-Design-Slide-Camera-Strap-Midnight-Blue,,,,,,,,,,,,,,,
SL-SG-3,88645,https://www.rubbermonkey.co.nz/Peak-Design-Slide-Camera-Strap-Sage-Green,,,,,,,,,,,,,,,
SLL-MN-3,88647,https://www.rubbermonkey.co.nz/Peak-Design-Slide-lite-Camera-Strap-Midnight-Blue,,,,,,,,,,,,,,,
SLL-SG-3,88648,https://www.rubbermonkey.co.nz/Peak-Design-Slide-lite-Camera-Strap-Sage-Green,,,,,,,,,,,,,,,
V-Mic D4 Mini,88858,https://www.rubbermonkey.co.nz/Deity-V-Mic-D4-Mini-On-Camera-Video-Microphone,,,,,,,,,,,,,,,
B000118,89008,https://www.rubbermonkey.co.nz/Zhiyun-Tech-GMB-B118-18650-Lithium-Ion-Battery-3-Pack,,,,,,,,,,,,,,,
ALS600XPROVAU,89391,https://www.rubbermonkey.co.nz/Aputure-LS-600x-Pro-Lamp-Head-V-Mount,,,,,,,,,,,,,,,
Pocket Wireless Black,90156,https://www.rubbermonkey.co.nz/Deity-Pocket-Wireless-Microphone-System-Black,,,,,,,,,,,,,,,
Pocket Wireless Mobile Kit,90158,https://www.rubbermonkey.co.nz/Deity-Pocket-Wireless-Microphone-System-Mobile-Kit-Black,,,,,,,,,,,,,,,
Pocket Wireless White,90159,https://www.rubbermonkey.co.nz/Deity-Pocket-Wireless-Microphone-System-White,,,,,,,,,,,,,,,
C000042,90400,https://www.rubbermonkey.co.nz/Zhiyun-Tech-TransMount-Focus%60Zoom-Control-Motor-2-0,,,,,,,,,,,,,,,
SR-HC5,90521,https://www.rubbermonkey.co.nz/Saramonic-SR-HC5-Microphone-Boom-Arm,,,,,,,,,,,,,,,
GT-515W,90706,https://www.rubbermonkey.co.nz/Kupo-Superior-Gaffer-Tape-48mm-x-13-7m-White,,,,,,,,,,,,,,,
JB01753,90984,https://www.rubbermonkey.co.nz/Joby-GripTight-with-GorillaPod-for-MagSafe,,,,,,,,,,,,,,,
401000081,90993,https://www.rubbermonkey.co.nz/iFootage-Shark-Slider-Nano-Bundle,,,,,,,,,,,,,,,
IF-TC9,90994,https://www.rubbermonkey.co.nz/iFootage-Gazelle-TC9-Fastbowl-Carbon-Fibre-Tripod,,,,,,,,,,,,,,,
PavoTube-II-6C,91023,https://www.rubbermonkey.co.nz/Nanlite-PavoTube-II-6C-25cm-RGBWW-LED-Tube-with-Battery,,,,,,,,,,,,,,,
402000041,91930,https://www.rubbermonkey.co.nz/iFootage-LT2-3-5-Spider-Crab-Magic-Arm-Limited,,,,,,,,,,,,,,,
402000042,91931,https://www.rubbermonkey.co.nz/iFootage-LT4-5-5-Spider-Crab-Magic-Arm-Limited,,,,,,,,,,,,,,,
402000034,91934,https://www.rubbermonkey.co.nz/iFootage-MA3-4-Spider-Crab-Magic-Arm,,,,,,,,,,,,,,,
402000035,91935,https://www.rubbermonkey.co.nz/iFootage-MA5-6-Spider-Crab-Magic-Arm,,,,,,,,,,,,,,,
BTP-BK-1,91995,https://www.rubbermonkey.co.nz/Peak-Design-Travel-Tech-Pouch-V2-Black,,,,,,,,,,,,,,,
C030112INT,92304,https://www.rubbermonkey.co.nz/Zhiyun-Smooth-Q3-Smartphone-Gimbal-Stabilizer,,,,,,,,,,,,,,,
C030113INT,92360,https://www.rubbermonkey.co.nz/Zhiyun-Smooth-Q3-Smartphone-Gimbal-Stabilizer-Combo,,,,,,,,,,,,,,,
Kupo-021,021R,https://www.rubbermonkey.co.nz/Kupo-Two-in-One-Lightweight-Stand,,,,,,,,,,,,,,,
