Brand,Stock turn Month
7artisans,3
accsoon,3
Acer,3
ADATA,3
af,3
AGFAPhoto,3
AgimbalGear,3
aja,3
Angelbird,3
anker,3
ansso,3
aoc,3
Aputure,5
Atmosphere Aerosol,6
Atomos,1
audio_technica,3
autelrobotics,3
Avenger,3
B+W,3
baseus,3
Beholder,5
benq,3
Benro,1
BigBlue,3
birddog,3
blackmagic,3
BlackRapid,3
Bower,3
BOYA,5
brateck,3
Brinno,3
Came Tv,5
camelion,3
Camranger,3
CAMVATE,3
canon,3
CasePro,6
cerevo,3
Chang Cheng,5
CineBags,6
CineStill,3
cocoon,3
Colortone,5
Commlite,3
Core,3
CoreSWX,3
countryman,3
D-FUSE,5
Datacolor,3
DEEP,5
Deity,5
delkin,3
Delkin Devices,3
digitus,3
dji,3
DLG,5
Dsqn,5
Duracell,3
DVHZ,6
Dynamix,3
dzofilm,3
E-Image,5
EcoFlow,3
ednet,3
F&V,5
Fancier,5
Farseeing,6
FeelWorld,3
Feiyu,5
Film Processing,3
Fotga,3
Fotodiox,5
Freewell,3
Fujifilm,3
Gator,3
Giottos,6
gitzo,3
Godox,6
gopro,3
GP,5
GREEN.L,3
Hahnel,3
Haida,3
Harman,3
hollyland,3
Hosa,3
hoya,3
hprc,3
Hpusn,6
hy,3
IDX,3
iFootage,5
IK Multimedia,3
ik_multimedia,3
Ikelite,3
ilford,3
IndiPRO,3
insta360,3
iOgrapher,6
Jinbada,6
Jinbei,6
JJC,3
Joby,3
Jupio,3
K&F,6
Kalt,3
KAOL,5
Kenko,3
kingma,3
Kodak,3
Kondor Blue,3
konus,3
KRK,3
Kupo,6
LaCie,3
LAOWA,3
Lastolite,3
Lee,3
lee_filters,3
leica,3
lenspen,3
Lomography,3
Loupedeck,3
Lowepro,3
Lume Cube,3
magmod,3
Manfrotto,3
marumi,3
Maxell,3
Meikon,5
Meking,5
metabones,3
mitakon,3
mt-viki,3
Nanguang,5
Nanlite,5
Nest,5
Nikon,3
NiSi,3
Noga,3
nonda,3
olympus,3
orangemonkie,6
Osram,3
otto engineering,3
Packaging,6
Padcaster,3
Panasonic,3
PB Technology,3
Peak Design,3
Pelican,3
PGY,5
Photogear,3
Photolite,5
PISEN,5
Pixel,3
Polar Pro,3
Ponycycle,6
Portkeys,3
presonus,3
Profoto,3
prograde,3
Prompt-it,3
Ready Rig,3
Redrock,3
renata,3
Ricoh,3
Rode,3
Ror,3
rotolight,3
Ruibo,3
Ruigpro,3
Rycote,3
Sachtler,5
samson,3
Samsung,3
Samyang,3
Sandisk,3
Sanfrotto,5
Sanger,6
sansai,3
saramonic,5
Savage,5
Seagate,3
Sekonic,3
selens,5
Sennheiser,3
Sensei,3
Sescom,3
SGC,5
Shadepirate,3
shape,3
Shure,3
Sigma,3
Sirui,5
smallhd,3
smallrig,3
Sofin,5
sony,3
sonypro,3
SP Gadgets,3
Spider Holster,3
Sunwayfoto,3
SWIT,5
switchwerk,3
synology,3
Syrp,3
Takeway,3
tamron,3
Taobao,3
Tapesplus,3
Tascam,3
TBC,3
tentacle,4
Teradek,3
Tether Tools,3
Tiffen,3
Tilta,4
Tokina,3
Transcend,3
TTArtisan,3
Tteoobl,5
UGREEN,3
ulanzi,3
UURig,3
Vanguard,3
Varavon,3
varta,3
Very Release,3
viewsonic,3
viltrox,3
VisibleDust,3
Voigtlander,3
Wasabi Power,3
Weifeng,5
Westcott,6
Western Digital,3
western_digital,3
Wooden Camera,3
X-Rite,3
XiaoMi,3
Yololiv,3
Yongnuo,5
zacuto,3
zeapon,5
Zeiss,3
Zhiyun Tech,5
Zilr,3
Zitay,4
Zomei,3
zoom,3
Calibrite,1
Pentax,2
Eufy,2
GVM,3
Leofoto,2
Nitecore,3
Nodal Ninja,2
Vaxis,2
ZGCine,3
