Supplier,Type
ActionTech Limited,Local
All Interactive Distribution NZ Ltd,Local
B&H,Local
Blonde Robot,Local
BRENT MACDONALD,Local
Canon New Zealand Ltd,Local
CDB Media Ltd,Local
CRK,Local
D-FUSE,Overseas
Direct Imports,Local
direct_import,Local
Directed Electronics New Zealand,Local
DiskTech (Hollyland),Local
Dove Electronics,Local
Dove Electronics Limited,Local
Ferntech,Local
Formula,Local
Fotga,Overseas
Fujifim NZ,Local
GOPRO,Local
H&Y,Overseas
IK Multimedia,Local
INGRAM MICRO,Local
JLX LIMITED,Local
Kayell,Local
Kent Faith,Overseas
Lacklands,Local
Mitakon,Overseas
MT-VIKI,Overseas
Music NZ Ltd,Local
Music Ways Limited,Local
NanGuang Photo&Video Systems Co.Ltd,Overseas
NEW MAGIC,Local
Nisi,Overseas
NSL Group Ltd,Local
Orange Monkie,Overseas
Panasonic New Zealand Limited,Local
PB Technologies,Local
PGYTECH,Overseas
Photo & Video International,Local
PHOTOGEAR,Overseas
Photolite,Overseas
Ponycycle,Overseas
Pro Video Systems Ltd,Local
Professional Lighting Services,Local
Progear,Local
Progear/APIX,Local
Radbitz,Local
Ready Rig,Local
Region4,Local
Rubber Monkey,Local
Sanger,Overseas
Saramonics,Overseas
Sea Tech Ltd,Local
SENNHEISER NEW ZEALAND,Local
Seoul House Trading ltd,Local
"Shenzhen Accsoon Technology Co., Ltd.",Overseas
Sound Techniques Ltd,Local
Synnex,Local
Tapes Plus Ltd,Local
ten80i Limited,Local
Tentacle Sync GMBH,Local
Tteoobl,Overseas
7artisans,Overseas
Accsoon,Overseas
Aputure,Overseas
BOYA,Overseas
CASEPRO,Overseas
CHANG CHENG,Overseas
DSQN,Overseas
DZOFILM,Overseas
E-Image,Overseas
F&V,Overseas
Feelworld,Overseas
Giottos,Overseas
Godox,Overseas
iFootage,Overseas
insta360,Overseas
Jinbei,Overseas
JJC,Overseas
Kingma,Overseas
KUPO,Overseas
LAOWA,Overseas
Meikon,Overseas
Meking,Overseas
PIXEL,Overseas
Portkeys,Overseas
Prompt-it,Overseas
Ruigpro,Overseas
Sirui,Overseas
SmallRig,Overseas
SUNWAYFOTO,Overseas
SWIT,Overseas
Taobao,Overseas
Tilta,Overseas
Ulanzi,Overseas
Viltrox,Overseas
Wasabi Power,Overseas
Westcott,Overseas
Yololiv,Overseas
Yongnuo,Overseas
Zhiyun Tech,Overseas
Zitay,Overseas
ZOMEI,Overseas
FALCON EYES LIMITED,Overseas
Feiyu Tech,Overseas
KAOL,Overseas
Taobao - Selens,Overseas
TB - Button Battery,Overseas
TB - DEEP Mei Nuo Shu Ma,Overseas
TianYuan Printing (mailer bag),Overseas
UGREEN-TB,Overseas
Wuxi Henglian (HDMI CABLES),Overseas
ZEAPON Technology,Overseas
